[     275ms] [WARNING] ElementPlusError: [el-checkbox] [API] label act as value is about to be deprecated in version 3.0.0, please use value instead.
For more detail, please visit: https://element-plus.org/en-US/component/checkbox.html

    at debugWarn (http://localhost:7777/node_modules/.vite/deps/element-plus.js?v=dc0701a7:9085:37)
    at watch.immediate (http://localhost:7777/node_modules/.vite/deps/element-plus.js?v=dc0701a7:10179:14)
    at callWithErrorHandling (http://localhost:7777/node_modules/.vite/deps/chunk-FT3SB2S6.js?v=dc0701a7:2377:19)
    at callWithAsyncErrorHandling (http://localhost:7777/node_modules/.vite/deps/chunk-FT3SB2S6.js?v=dc0701a7:2384:17)
    at baseWatchOptions.call (http://localhost:7777/node_modules/.vite/deps/chunk-FT3SB2S6.js?v=dc0701a7:3071:47)
    at job (http://localhost:7777/node_modules/.vite/deps/chunk-FT3SB2S6.js?v=dc0701a7:2107:18)
    at watch (http://localhost:7777/node_modules/.vite/deps/chunk-FT3SB2S6.js?v=dc0701a7:2142:7)
    at doWatch (http://localhost:7777/node_modules/.vite/deps/chunk-FT3SB2S6.js?v=dc0701a7:3099:23)
    at watch2 (http://localhost:7777/node_modules/.vite/deps/chunk-FT3SB2S6.js?v=dc0701a7:3032:10)
    at useDeprecated (http://localhost:7777/node_modules/.vite/deps/element-plus.js?v=dc0701a7:10178:3) @ http://localhost:7777/node_modules/.vite/deps/element-plus.js?v=dc0701a7:9085
[     276ms] [WARNING] ElementPlusError: [el-checkbox] [API] label act as value is about to be deprecated in version 3.0.0, please use value instead.
For more detail, please visit: https://element-plus.org/en-US/component/checkbox.html

    at debugWarn (http://localhost:7777/node_modules/.vite/deps/element-plus.js?v=dc0701a7:9085:37)
    at watch.immediate (http://localhost:7777/node_modules/.vite/deps/element-plus.js?v=dc0701a7:10179:14)
    at callWithErrorHandling (http://localhost:7777/node_modules/.vite/deps/chunk-FT3SB2S6.js?v=dc0701a7:2377:19)
    at callWithAsyncErrorHandling (http://localhost:7777/node_modules/.vite/deps/chunk-FT3SB2S6.js?v=dc0701a7:2384:17)
    at baseWatchOptions.call (http://localhost:7777/node_modules/.vite/deps/chunk-FT3SB2S6.js?v=dc0701a7:3071:47)
    at job (http://localhost:7777/node_modules/.vite/deps/chunk-FT3SB2S6.js?v=dc0701a7:2107:18)
    at watch (http://localhost:7777/node_modules/.vite/deps/chunk-FT3SB2S6.js?v=dc0701a7:2142:7)
    at doWatch (http://localhost:7777/node_modules/.vite/deps/chunk-FT3SB2S6.js?v=dc0701a7:3099:23)
    at watch2 (http://localhost:7777/node_modules/.vite/deps/chunk-FT3SB2S6.js?v=dc0701a7:3032:10)
    at useDeprecated (http://localhost:7777/node_modules/.vite/deps/element-plus.js?v=dc0701a7:10178:3) @ http://localhost:7777/node_modules/.vite/deps/element-plus.js?v=dc0701a7:9085
[     277ms] [WARNING] ElementPlusError: [el-checkbox] [API] label act as value is about to be deprecated in version 3.0.0, please use value instead.
For more detail, please visit: https://element-plus.org/en-US/component/checkbox.html

    at debugWarn (http://localhost:7777/node_modules/.vite/deps/element-plus.js?v=dc0701a7:9085:37)
    at watch.immediate (http://localhost:7777/node_modules/.vite/deps/element-plus.js?v=dc0701a7:10179:14)
    at callWithErrorHandling (http://localhost:7777/node_modules/.vite/deps/chunk-FT3SB2S6.js?v=dc0701a7:2377:19)
    at callWithAsyncErrorHandling (http://localhost:7777/node_modules/.vite/deps/chunk-FT3SB2S6.js?v=dc0701a7:2384:17)
    at baseWatchOptions.call (http://localhost:7777/node_modules/.vite/deps/chunk-FT3SB2S6.js?v=dc0701a7:3071:47)
    at job (http://localhost:7777/node_modules/.vite/deps/chunk-FT3SB2S6.js?v=dc0701a7:2107:18)
    at watch (http://localhost:7777/node_modules/.vite/deps/chunk-FT3SB2S6.js?v=dc0701a7:2142:7)
    at doWatch (http://localhost:7777/node_modules/.vite/deps/chunk-FT3SB2S6.js?v=dc0701a7:3099:23)
    at watch2 (http://localhost:7777/node_modules/.vite/deps/chunk-FT3SB2S6.js?v=dc0701a7:3032:10)
    at useDeprecated (http://localhost:7777/node_modules/.vite/deps/element-plus.js?v=dc0701a7:10178:3) @ http://localhost:7777/node_modules/.vite/deps/element-plus.js?v=dc0701a7:9085
[     277ms] [WARNING] ElementPlusError: [el-checkbox] [API] label act as value is about to be deprecated in version 3.0.0, please use value instead.
For more detail, please visit: https://element-plus.org/en-US/component/checkbox.html

    at debugWarn (http://localhost:7777/node_modules/.vite/deps/element-plus.js?v=dc0701a7:9085:37)
    at watch.immediate (http://localhost:7777/node_modules/.vite/deps/element-plus.js?v=dc0701a7:10179:14)
    at callWithErrorHandling (http://localhost:7777/node_modules/.vite/deps/chunk-FT3SB2S6.js?v=dc0701a7:2377:19)
    at callWithAsyncErrorHandling (http://localhost:7777/node_modules/.vite/deps/chunk-FT3SB2S6.js?v=dc0701a7:2384:17)
    at baseWatchOptions.call (http://localhost:7777/node_modules/.vite/deps/chunk-FT3SB2S6.js?v=dc0701a7:3071:47)
    at job (http://localhost:7777/node_modules/.vite/deps/chunk-FT3SB2S6.js?v=dc0701a7:2107:18)
    at watch (http://localhost:7777/node_modules/.vite/deps/chunk-FT3SB2S6.js?v=dc0701a7:2142:7)
    at doWatch (http://localhost:7777/node_modules/.vite/deps/chunk-FT3SB2S6.js?v=dc0701a7:3099:23)
    at watch2 (http://localhost:7777/node_modules/.vite/deps/chunk-FT3SB2S6.js?v=dc0701a7:3032:10)
    at useDeprecated (http://localhost:7777/node_modules/.vite/deps/element-plus.js?v=dc0701a7:10178:3) @ http://localhost:7777/node_modules/.vite/deps/element-plus.js?v=dc0701a7:9085
[     277ms] [WARNING] ElementPlusError: [el-checkbox] [API] label act as value is about to be deprecated in version 3.0.0, please use value instead.
For more detail, please visit: https://element-plus.org/en-US/component/checkbox.html

    at debugWarn (http://localhost:7777/node_modules/.vite/deps/element-plus.js?v=dc0701a7:9085:37)
    at watch.immediate (http://localhost:7777/node_modules/.vite/deps/element-plus.js?v=dc0701a7:10179:14)
    at callWithErrorHandling (http://localhost:7777/node_modules/.vite/deps/chunk-FT3SB2S6.js?v=dc0701a7:2377:19)
    at callWithAsyncErrorHandling (http://localhost:7777/node_modules/.vite/deps/chunk-FT3SB2S6.js?v=dc0701a7:2384:17)
    at baseWatchOptions.call (http://localhost:7777/node_modules/.vite/deps/chunk-FT3SB2S6.js?v=dc0701a7:3071:47)
    at job (http://localhost:7777/node_modules/.vite/deps/chunk-FT3SB2S6.js?v=dc0701a7:2107:18)
    at watch (http://localhost:7777/node_modules/.vite/deps/chunk-FT3SB2S6.js?v=dc0701a7:2142:7)
    at doWatch (http://localhost:7777/node_modules/.vite/deps/chunk-FT3SB2S6.js?v=dc0701a7:3099:23)
    at watch2 (http://localhost:7777/node_modules/.vite/deps/chunk-FT3SB2S6.js?v=dc0701a7:3032:10)
    at useDeprecated (http://localhost:7777/node_modules/.vite/deps/element-plus.js?v=dc0701a7:10178:3) @ http://localhost:7777/node_modules/.vite/deps/element-plus.js?v=dc0701a7:9085
[     278ms] [WARNING] ElementPlusError: [el-checkbox] [API] label act as value is about to be deprecated in version 3.0.0, please use value instead.
For more detail, please visit: https://element-plus.org/en-US/component/checkbox.html

    at debugWarn (http://localhost:7777/node_modules/.vite/deps/element-plus.js?v=dc0701a7:9085:37)
    at watch.immediate (http://localhost:7777/node_modules/.vite/deps/element-plus.js?v=dc0701a7:10179:14)
    at callWithErrorHandling (http://localhost:7777/node_modules/.vite/deps/chunk-FT3SB2S6.js?v=dc0701a7:2377:19)
    at callWithAsyncErrorHandling (http://localhost:7777/node_modules/.vite/deps/chunk-FT3SB2S6.js?v=dc0701a7:2384:17)
    at baseWatchOptions.call (http://localhost:7777/node_modules/.vite/deps/chunk-FT3SB2S6.js?v=dc0701a7:3071:47)
    at job (http://localhost:7777/node_modules/.vite/deps/chunk-FT3SB2S6.js?v=dc0701a7:2107:18)
    at watch (http://localhost:7777/node_modules/.vite/deps/chunk-FT3SB2S6.js?v=dc0701a7:2142:7)
    at doWatch (http://localhost:7777/node_modules/.vite/deps/chunk-FT3SB2S6.js?v=dc0701a7:3099:23)
    at watch2 (http://localhost:7777/node_modules/.vite/deps/chunk-FT3SB2S6.js?v=dc0701a7:3032:10)
    at useDeprecated (http://localhost:7777/node_modules/.vite/deps/element-plus.js?v=dc0701a7:10178:3) @ http://localhost:7777/node_modules/.vite/deps/element-plus.js?v=dc0701a7:9085
[     278ms] [WARNING] ElementPlusError: [el-checkbox] [API] label act as value is about to be deprecated in version 3.0.0, please use value instead.
For more detail, please visit: https://element-plus.org/en-US/component/checkbox.html

    at debugWarn (http://localhost:7777/node_modules/.vite/deps/element-plus.js?v=dc0701a7:9085:37)
    at watch.immediate (http://localhost:7777/node_modules/.vite/deps/element-plus.js?v=dc0701a7:10179:14)
    at callWithErrorHandling (http://localhost:7777/node_modules/.vite/deps/chunk-FT3SB2S6.js?v=dc0701a7:2377:19)
    at callWithAsyncErrorHandling (http://localhost:7777/node_modules/.vite/deps/chunk-FT3SB2S6.js?v=dc0701a7:2384:17)
    at baseWatchOptions.call (http://localhost:7777/node_modules/.vite/deps/chunk-FT3SB2S6.js?v=dc0701a7:3071:47)
    at job (http://localhost:7777/node_modules/.vite/deps/chunk-FT3SB2S6.js?v=dc0701a7:2107:18)
    at watch (http://localhost:7777/node_modules/.vite/deps/chunk-FT3SB2S6.js?v=dc0701a7:2142:7)
    at doWatch (http://localhost:7777/node_modules/.vite/deps/chunk-FT3SB2S6.js?v=dc0701a7:3099:23)
    at watch2 (http://localhost:7777/node_modules/.vite/deps/chunk-FT3SB2S6.js?v=dc0701a7:3032:10)
    at useDeprecated (http://localhost:7777/node_modules/.vite/deps/element-plus.js?v=dc0701a7:10178:3) @ http://localhost:7777/node_modules/.vite/deps/element-plus.js?v=dc0701a7:9085
[     278ms] [WARNING] ElementPlusError: [el-checkbox] [API] label act as value is about to be deprecated in version 3.0.0, please use value instead.
For more detail, please visit: https://element-plus.org/en-US/component/checkbox.html

    at debugWarn (http://localhost:7777/node_modules/.vite/deps/element-plus.js?v=dc0701a7:9085:37)
    at watch.immediate (http://localhost:7777/node_modules/.vite/deps/element-plus.js?v=dc0701a7:10179:14)
    at callWithErrorHandling (http://localhost:7777/node_modules/.vite/deps/chunk-FT3SB2S6.js?v=dc0701a7:2377:19)
    at callWithAsyncErrorHandling (http://localhost:7777/node_modules/.vite/deps/chunk-FT3SB2S6.js?v=dc0701a7:2384:17)
    at baseWatchOptions.call (http://localhost:7777/node_modules/.vite/deps/chunk-FT3SB2S6.js?v=dc0701a7:3071:47)
    at job (http://localhost:7777/node_modules/.vite/deps/chunk-FT3SB2S6.js?v=dc0701a7:2107:18)
    at watch (http://localhost:7777/node_modules/.vite/deps/chunk-FT3SB2S6.js?v=dc0701a7:2142:7)
    at doWatch (http://localhost:7777/node_modules/.vite/deps/chunk-FT3SB2S6.js?v=dc0701a7:3099:23)
    at watch2 (http://localhost:7777/node_modules/.vite/deps/chunk-FT3SB2S6.js?v=dc0701a7:3032:10)
    at useDeprecated (http://localhost:7777/node_modules/.vite/deps/element-plus.js?v=dc0701a7:10178:3) @ http://localhost:7777/node_modules/.vite/deps/element-plus.js?v=dc0701a7:9085
[     278ms] [WARNING] ElementPlusError: [el-checkbox] [API] label act as value is about to be deprecated in version 3.0.0, please use value instead.
For more detail, please visit: https://element-plus.org/en-US/component/checkbox.html

    at debugWarn (http://localhost:7777/node_modules/.vite/deps/element-plus.js?v=dc0701a7:9085:37)
    at watch.immediate (http://localhost:7777/node_modules/.vite/deps/element-plus.js?v=dc0701a7:10179:14)
    at callWithErrorHandling (http://localhost:7777/node_modules/.vite/deps/chunk-FT3SB2S6.js?v=dc0701a7:2377:19)
    at callWithAsyncErrorHandling (http://localhost:7777/node_modules/.vite/deps/chunk-FT3SB2S6.js?v=dc0701a7:2384:17)
    at baseWatchOptions.call (http://localhost:7777/node_modules/.vite/deps/chunk-FT3SB2S6.js?v=dc0701a7:3071:47)
    at job (http://localhost:7777/node_modules/.vite/deps/chunk-FT3SB2S6.js?v=dc0701a7:2107:18)
    at watch (http://localhost:7777/node_modules/.vite/deps/chunk-FT3SB2S6.js?v=dc0701a7:2142:7)
    at doWatch (http://localhost:7777/node_modules/.vite/deps/chunk-FT3SB2S6.js?v=dc0701a7:3099:23)
    at watch2 (http://localhost:7777/node_modules/.vite/deps/chunk-FT3SB2S6.js?v=dc0701a7:3032:10)
    at useDeprecated (http://localhost:7777/node_modules/.vite/deps/element-plus.js?v=dc0701a7:10178:3) @ http://localhost:7777/node_modules/.vite/deps/element-plus.js?v=dc0701a7:9085
[     279ms] [WARNING] ElementPlusError: [el-checkbox] [API] label act as value is about to be deprecated in version 3.0.0, please use value instead.
For more detail, please visit: https://element-plus.org/en-US/component/checkbox.html

    at debugWarn (http://localhost:7777/node_modules/.vite/deps/element-plus.js?v=dc0701a7:9085:37)
    at watch.immediate (http://localhost:7777/node_modules/.vite/deps/element-plus.js?v=dc0701a7:10179:14)
    at callWithErrorHandling (http://localhost:7777/node_modules/.vite/deps/chunk-FT3SB2S6.js?v=dc0701a7:2377:19)
    at callWithAsyncErrorHandling (http://localhost:7777/node_modules/.vite/deps/chunk-FT3SB2S6.js?v=dc0701a7:2384:17)
    at baseWatchOptions.call (http://localhost:7777/node_modules/.vite/deps/chunk-FT3SB2S6.js?v=dc0701a7:3071:47)
    at job (http://localhost:7777/node_modules/.vite/deps/chunk-FT3SB2S6.js?v=dc0701a7:2107:18)
    at watch (http://localhost:7777/node_modules/.vite/deps/chunk-FT3SB2S6.js?v=dc0701a7:2142:7)
    at doWatch (http://localhost:7777/node_modules/.vite/deps/chunk-FT3SB2S6.js?v=dc0701a7:3099:23)
    at watch2 (http://localhost:7777/node_modules/.vite/deps/chunk-FT3SB2S6.js?v=dc0701a7:3032:10)
    at useDeprecated (http://localhost:7777/node_modules/.vite/deps/element-plus.js?v=dc0701a7:10178:3) @ http://localhost:7777/node_modules/.vite/deps/element-plus.js?v=dc0701a7:9085
[     279ms] [WARNING] ElementPlusError: [el-checkbox] [API] label act as value is about to be deprecated in version 3.0.0, please use value instead.
For more detail, please visit: https://element-plus.org/en-US/component/checkbox.html

    at debugWarn (http://localhost:7777/node_modules/.vite/deps/element-plus.js?v=dc0701a7:9085:37)
    at watch.immediate (http://localhost:7777/node_modules/.vite/deps/element-plus.js?v=dc0701a7:10179:14)
    at callWithErrorHandling (http://localhost:7777/node_modules/.vite/deps/chunk-FT3SB2S6.js?v=dc0701a7:2377:19)
    at callWithAsyncErrorHandling (http://localhost:7777/node_modules/.vite/deps/chunk-FT3SB2S6.js?v=dc0701a7:2384:17)
    at baseWatchOptions.call (http://localhost:7777/node_modules/.vite/deps/chunk-FT3SB2S6.js?v=dc0701a7:3071:47)
    at job (http://localhost:7777/node_modules/.vite/deps/chunk-FT3SB2S6.js?v=dc0701a7:2107:18)
    at watch (http://localhost:7777/node_modules/.vite/deps/chunk-FT3SB2S6.js?v=dc0701a7:2142:7)
    at doWatch (http://localhost:7777/node_modules/.vite/deps/chunk-FT3SB2S6.js?v=dc0701a7:3099:23)
    at watch2 (http://localhost:7777/node_modules/.vite/deps/chunk-FT3SB2S6.js?v=dc0701a7:3032:10)
    at useDeprecated (http://localhost:7777/node_modules/.vite/deps/element-plus.js?v=dc0701a7:10178:3) @ http://localhost:7777/node_modules/.vite/deps/element-plus.js?v=dc0701a7:9085
[  672340ms] [WARNING] ElementPlusError: [el-checkbox] [API] label act as value is about to be deprecated in version 3.0.0, please use value instead.
For more detail, please visit: https://element-plus.org/en-US/component/checkbox.html

    at debugWarn (http://localhost:7777/node_modules/.vite/deps/element-plus.js?v=dc0701a7:9085:37)
    at watch.immediate (http://localhost:7777/node_modules/.vite/deps/element-plus.js?v=dc0701a7:10179:14)
    at callWithErrorHandling (http://localhost:7777/node_modules/.vite/deps/chunk-FT3SB2S6.js?v=dc0701a7:2377:19)
    at callWithAsyncErrorHandling (http://localhost:7777/node_modules/.vite/deps/chunk-FT3SB2S6.js?v=dc0701a7:2384:17)
    at baseWatchOptions.call (http://localhost:7777/node_modules/.vite/deps/chunk-FT3SB2S6.js?v=dc0701a7:3071:47)
    at job (http://localhost:7777/node_modules/.vite/deps/chunk-FT3SB2S6.js?v=dc0701a7:2107:18)
    at watch (http://localhost:7777/node_modules/.vite/deps/chunk-FT3SB2S6.js?v=dc0701a7:2142:7)
    at doWatch (http://localhost:7777/node_modules/.vite/deps/chunk-FT3SB2S6.js?v=dc0701a7:3099:23)
    at watch2 (http://localhost:7777/node_modules/.vite/deps/chunk-FT3SB2S6.js?v=dc0701a7:3032:10)
    at useDeprecated (http://localhost:7777/node_modules/.vite/deps/element-plus.js?v=dc0701a7:10178:3) @ http://localhost:7777/node_modules/.vite/deps/element-plus.js?v=dc0701a7:9085
[  672343ms] [WARNING] ElementPlusError: [el-checkbox] [API] label act as value is about to be deprecated in version 3.0.0, please use value instead.
For more detail, please visit: https://element-plus.org/en-US/component/checkbox.html

    at debugWarn (http://localhost:7777/node_modules/.vite/deps/element-plus.js?v=dc0701a7:9085:37)
    at watch.immediate (http://localhost:7777/node_modules/.vite/deps/element-plus.js?v=dc0701a7:10179:14)
    at callWithErrorHandling (http://localhost:7777/node_modules/.vite/deps/chunk-FT3SB2S6.js?v=dc0701a7:2377:19)
    at callWithAsyncErrorHandling (http://localhost:7777/node_modules/.vite/deps/chunk-FT3SB2S6.js?v=dc0701a7:2384:17)
    at baseWatchOptions.call (http://localhost:7777/node_modules/.vite/deps/chunk-FT3SB2S6.js?v=dc0701a7:3071:47)
    at job (http://localhost:7777/node_modules/.vite/deps/chunk-FT3SB2S6.js?v=dc0701a7:2107:18)
    at watch (http://localhost:7777/node_modules/.vite/deps/chunk-FT3SB2S6.js?v=dc0701a7:2142:7)
    at doWatch (http://localhost:7777/node_modules/.vite/deps/chunk-FT3SB2S6.js?v=dc0701a7:3099:23)
    at watch2 (http://localhost:7777/node_modules/.vite/deps/chunk-FT3SB2S6.js?v=dc0701a7:3032:10)
    at useDeprecated (http://localhost:7777/node_modules/.vite/deps/element-plus.js?v=dc0701a7:10178:3) @ http://localhost:7777/node_modules/.vite/deps/element-plus.js?v=dc0701a7:9085
[  672473ms] [WARNING] ElementPlusError: [el-checkbox] [API] label act as value is about to be deprecated in version 3.0.0, please use value instead.
For more detail, please visit: https://element-plus.org/en-US/component/checkbox.html

    at debugWarn (http://localhost:7777/node_modules/.vite/deps/element-plus.js?v=dc0701a7:9085:37)
    at watch.immediate (http://localhost:7777/node_modules/.vite/deps/element-plus.js?v=dc0701a7:10179:14)
    at callWithErrorHandling (http://localhost:7777/node_modules/.vite/deps/chunk-FT3SB2S6.js?v=dc0701a7:2377:19)
    at callWithAsyncErrorHandling (http://localhost:7777/node_modules/.vite/deps/chunk-FT3SB2S6.js?v=dc0701a7:2384:17)
    at baseWatchOptions.call (http://localhost:7777/node_modules/.vite/deps/chunk-FT3SB2S6.js?v=dc0701a7:3071:47)
    at job (http://localhost:7777/node_modules/.vite/deps/chunk-FT3SB2S6.js?v=dc0701a7:2107:18)
    at watch (http://localhost:7777/node_modules/.vite/deps/chunk-FT3SB2S6.js?v=dc0701a7:2142:7)
    at doWatch (http://localhost:7777/node_modules/.vite/deps/chunk-FT3SB2S6.js?v=dc0701a7:3099:23)
    at watch2 (http://localhost:7777/node_modules/.vite/deps/chunk-FT3SB2S6.js?v=dc0701a7:3032:10)
    at useDeprecated (http://localhost:7777/node_modules/.vite/deps/element-plus.js?v=dc0701a7:10178:3) @ http://localhost:7777/node_modules/.vite/deps/element-plus.js?v=dc0701a7:9085
[  672473ms] [WARNING] ElementPlusError: [el-checkbox] [API] label act as value is about to be deprecated in version 3.0.0, please use value instead.
For more detail, please visit: https://element-plus.org/en-US/component/checkbox.html

    at debugWarn (http://localhost:7777/node_modules/.vite/deps/element-plus.js?v=dc0701a7:9085:37)
    at watch.immediate (http://localhost:7777/node_modules/.vite/deps/element-plus.js?v=dc0701a7:10179:14)
    at callWithErrorHandling (http://localhost:7777/node_modules/.vite/deps/chunk-FT3SB2S6.js?v=dc0701a7:2377:19)
    at callWithAsyncErrorHandling (http://localhost:7777/node_modules/.vite/deps/chunk-FT3SB2S6.js?v=dc0701a7:2384:17)
    at baseWatchOptions.call (http://localhost:7777/node_modules/.vite/deps/chunk-FT3SB2S6.js?v=dc0701a7:3071:47)
    at job (http://localhost:7777/node_modules/.vite/deps/chunk-FT3SB2S6.js?v=dc0701a7:2107:18)
    at watch (http://localhost:7777/node_modules/.vite/deps/chunk-FT3SB2S6.js?v=dc0701a7:2142:7)
    at doWatch (http://localhost:7777/node_modules/.vite/deps/chunk-FT3SB2S6.js?v=dc0701a7:3099:23)
    at watch2 (http://localhost:7777/node_modules/.vite/deps/chunk-FT3SB2S6.js?v=dc0701a7:3032:10)
    at useDeprecated (http://localhost:7777/node_modules/.vite/deps/element-plus.js?v=dc0701a7:10178:3) @ http://localhost:7777/node_modules/.vite/deps/element-plus.js?v=dc0701a7:9085
[  672473ms] [WARNING] ElementPlusError: [el-checkbox] [API] label act as value is about to be deprecated in version 3.0.0, please use value instead.
For more detail, please visit: https://element-plus.org/en-US/component/checkbox.html

    at debugWarn (http://localhost:7777/node_modules/.vite/deps/element-plus.js?v=dc0701a7:9085:37)
    at watch.immediate (http://localhost:7777/node_modules/.vite/deps/element-plus.js?v=dc0701a7:10179:14)
    at callWithErrorHandling (http://localhost:7777/node_modules/.vite/deps/chunk-FT3SB2S6.js?v=dc0701a7:2377:19)
    at callWithAsyncErrorHandling (http://localhost:7777/node_modules/.vite/deps/chunk-FT3SB2S6.js?v=dc0701a7:2384:17)
    at baseWatchOptions.call (http://localhost:7777/node_modules/.vite/deps/chunk-FT3SB2S6.js?v=dc0701a7:3071:47)
    at job (http://localhost:7777/node_modules/.vite/deps/chunk-FT3SB2S6.js?v=dc0701a7:2107:18)
    at watch (http://localhost:7777/node_modules/.vite/deps/chunk-FT3SB2S6.js?v=dc0701a7:2142:7)
    at doWatch (http://localhost:7777/node_modules/.vite/deps/chunk-FT3SB2S6.js?v=dc0701a7:3099:23)
    at watch2 (http://localhost:7777/node_modules/.vite/deps/chunk-FT3SB2S6.js?v=dc0701a7:3032:10)
    at useDeprecated (http://localhost:7777/node_modules/.vite/deps/element-plus.js?v=dc0701a7:10178:3) @ http://localhost:7777/node_modules/.vite/deps/element-plus.js?v=dc0701a7:9085
[  672473ms] [WARNING] ElementPlusError: [el-checkbox] [API] label act as value is about to be deprecated in version 3.0.0, please use value instead.
For more detail, please visit: https://element-plus.org/en-US/component/checkbox.html

    at debugWarn (http://localhost:7777/node_modules/.vite/deps/element-plus.js?v=dc0701a7:9085:37)
    at watch.immediate (http://localhost:7777/node_modules/.vite/deps/element-plus.js?v=dc0701a7:10179:14)
    at callWithErrorHandling (http://localhost:7777/node_modules/.vite/deps/chunk-FT3SB2S6.js?v=dc0701a7:2377:19)
    at callWithAsyncErrorHandling (http://localhost:7777/node_modules/.vite/deps/chunk-FT3SB2S6.js?v=dc0701a7:2384:17)
    at baseWatchOptions.call (http://localhost:7777/node_modules/.vite/deps/chunk-FT3SB2S6.js?v=dc0701a7:3071:47)
    at job (http://localhost:7777/node_modules/.vite/deps/chunk-FT3SB2S6.js?v=dc0701a7:2107:18)
    at watch (http://localhost:7777/node_modules/.vite/deps/chunk-FT3SB2S6.js?v=dc0701a7:2142:7)
    at doWatch (http://localhost:7777/node_modules/.vite/deps/chunk-FT3SB2S6.js?v=dc0701a7:3099:23)
    at watch2 (http://localhost:7777/node_modules/.vite/deps/chunk-FT3SB2S6.js?v=dc0701a7:3032:10)
    at useDeprecated (http://localhost:7777/node_modules/.vite/deps/element-plus.js?v=dc0701a7:10178:3) @ http://localhost:7777/node_modules/.vite/deps/element-plus.js?v=dc0701a7:9085
[  672474ms] [WARNING] ElementPlusError: [el-checkbox] [API] label act as value is about to be deprecated in version 3.0.0, please use value instead.
For more detail, please visit: https://element-plus.org/en-US/component/checkbox.html

    at debugWarn (http://localhost:7777/node_modules/.vite/deps/element-plus.js?v=dc0701a7:9085:37)
    at watch.immediate (http://localhost:7777/node_modules/.vite/deps/element-plus.js?v=dc0701a7:10179:14)
    at callWithErrorHandling (http://localhost:7777/node_modules/.vite/deps/chunk-FT3SB2S6.js?v=dc0701a7:2377:19)
    at callWithAsyncErrorHandling (http://localhost:7777/node_modules/.vite/deps/chunk-FT3SB2S6.js?v=dc0701a7:2384:17)
    at baseWatchOptions.call (http://localhost:7777/node_modules/.vite/deps/chunk-FT3SB2S6.js?v=dc0701a7:3071:47)
    at job (http://localhost:7777/node_modules/.vite/deps/chunk-FT3SB2S6.js?v=dc0701a7:2107:18)
    at watch (http://localhost:7777/node_modules/.vite/deps/chunk-FT3SB2S6.js?v=dc0701a7:2142:7)
    at doWatch (http://localhost:7777/node_modules/.vite/deps/chunk-FT3SB2S6.js?v=dc0701a7:3099:23)
    at watch2 (http://localhost:7777/node_modules/.vite/deps/chunk-FT3SB2S6.js?v=dc0701a7:3032:10)
    at useDeprecated (http://localhost:7777/node_modules/.vite/deps/element-plus.js?v=dc0701a7:10178:3) @ http://localhost:7777/node_modules/.vite/deps/element-plus.js?v=dc0701a7:9085
[  672474ms] [WARNING] ElementPlusError: [el-checkbox] [API] label act as value is about to be deprecated in version 3.0.0, please use value instead.
For more detail, please visit: https://element-plus.org/en-US/component/checkbox.html

    at debugWarn (http://localhost:7777/node_modules/.vite/deps/element-plus.js?v=dc0701a7:9085:37)
    at watch.immediate (http://localhost:7777/node_modules/.vite/deps/element-plus.js?v=dc0701a7:10179:14)
    at callWithErrorHandling (http://localhost:7777/node_modules/.vite/deps/chunk-FT3SB2S6.js?v=dc0701a7:2377:19)
    at callWithAsyncErrorHandling (http://localhost:7777/node_modules/.vite/deps/chunk-FT3SB2S6.js?v=dc0701a7:2384:17)
    at baseWatchOptions.call (http://localhost:7777/node_modules/.vite/deps/chunk-FT3SB2S6.js?v=dc0701a7:3071:47)
    at job (http://localhost:7777/node_modules/.vite/deps/chunk-FT3SB2S6.js?v=dc0701a7:2107:18)
    at watch (http://localhost:7777/node_modules/.vite/deps/chunk-FT3SB2S6.js?v=dc0701a7:2142:7)
    at doWatch (http://localhost:7777/node_modules/.vite/deps/chunk-FT3SB2S6.js?v=dc0701a7:3099:23)
    at watch2 (http://localhost:7777/node_modules/.vite/deps/chunk-FT3SB2S6.js?v=dc0701a7:3032:10)
    at useDeprecated (http://localhost:7777/node_modules/.vite/deps/element-plus.js?v=dc0701a7:10178:3) @ http://localhost:7777/node_modules/.vite/deps/element-plus.js?v=dc0701a7:9085
[  672474ms] [WARNING] ElementPlusError: [el-checkbox] [API] label act as value is about to be deprecated in version 3.0.0, please use value instead.
For more detail, please visit: https://element-plus.org/en-US/component/checkbox.html

    at debugWarn (http://localhost:7777/node_modules/.vite/deps/element-plus.js?v=dc0701a7:9085:37)
    at watch.immediate (http://localhost:7777/node_modules/.vite/deps/element-plus.js?v=dc0701a7:10179:14)
    at callWithErrorHandling (http://localhost:7777/node_modules/.vite/deps/chunk-FT3SB2S6.js?v=dc0701a7:2377:19)
    at callWithAsyncErrorHandling (http://localhost:7777/node_modules/.vite/deps/chunk-FT3SB2S6.js?v=dc0701a7:2384:17)
    at baseWatchOptions.call (http://localhost:7777/node_modules/.vite/deps/chunk-FT3SB2S6.js?v=dc0701a7:3071:47)
    at job (http://localhost:7777/node_modules/.vite/deps/chunk-FT3SB2S6.js?v=dc0701a7:2107:18)
    at watch (http://localhost:7777/node_modules/.vite/deps/chunk-FT3SB2S6.js?v=dc0701a7:2142:7)
    at doWatch (http://localhost:7777/node_modules/.vite/deps/chunk-FT3SB2S6.js?v=dc0701a7:3099:23)
    at watch2 (http://localhost:7777/node_modules/.vite/deps/chunk-FT3SB2S6.js?v=dc0701a7:3032:10)
    at useDeprecated (http://localhost:7777/node_modules/.vite/deps/element-plus.js?v=dc0701a7:10178:3) @ http://localhost:7777/node_modules/.vite/deps/element-plus.js?v=dc0701a7:9085
[  672474ms] [WARNING] ElementPlusError: [el-checkbox] [API] label act as value is about to be deprecated in version 3.0.0, please use value instead.
For more detail, please visit: https://element-plus.org/en-US/component/checkbox.html

    at debugWarn (http://localhost:7777/node_modules/.vite/deps/element-plus.js?v=dc0701a7:9085:37)
    at watch.immediate (http://localhost:7777/node_modules/.vite/deps/element-plus.js?v=dc0701a7:10179:14)
    at callWithErrorHandling (http://localhost:7777/node_modules/.vite/deps/chunk-FT3SB2S6.js?v=dc0701a7:2377:19)
    at callWithAsyncErrorHandling (http://localhost:7777/node_modules/.vite/deps/chunk-FT3SB2S6.js?v=dc0701a7:2384:17)
    at baseWatchOptions.call (http://localhost:7777/node_modules/.vite/deps/chunk-FT3SB2S6.js?v=dc0701a7:3071:47)
    at job (http://localhost:7777/node_modules/.vite/deps/chunk-FT3SB2S6.js?v=dc0701a7:2107:18)
    at watch (http://localhost:7777/node_modules/.vite/deps/chunk-FT3SB2S6.js?v=dc0701a7:2142:7)
    at doWatch (http://localhost:7777/node_modules/.vite/deps/chunk-FT3SB2S6.js?v=dc0701a7:3099:23)
    at watch2 (http://localhost:7777/node_modules/.vite/deps/chunk-FT3SB2S6.js?v=dc0701a7:3032:10)
    at useDeprecated (http://localhost:7777/node_modules/.vite/deps/element-plus.js?v=dc0701a7:10178:3) @ http://localhost:7777/node_modules/.vite/deps/element-plus.js?v=dc0701a7:9085
[  672474ms] [WARNING] ElementPlusError: [el-checkbox] [API] label act as value is about to be deprecated in version 3.0.0, please use value instead.
For more detail, please visit: https://element-plus.org/en-US/component/checkbox.html

    at debugWarn (http://localhost:7777/node_modules/.vite/deps/element-plus.js?v=dc0701a7:9085:37)
    at watch.immediate (http://localhost:7777/node_modules/.vite/deps/element-plus.js?v=dc0701a7:10179:14)
    at callWithErrorHandling (http://localhost:7777/node_modules/.vite/deps/chunk-FT3SB2S6.js?v=dc0701a7:2377:19)
    at callWithAsyncErrorHandling (http://localhost:7777/node_modules/.vite/deps/chunk-FT3SB2S6.js?v=dc0701a7:2384:17)
    at baseWatchOptions.call (http://localhost:7777/node_modules/.vite/deps/chunk-FT3SB2S6.js?v=dc0701a7:3071:47)
    at job (http://localhost:7777/node_modules/.vite/deps/chunk-FT3SB2S6.js?v=dc0701a7:2107:18)
    at watch (http://localhost:7777/node_modules/.vite/deps/chunk-FT3SB2S6.js?v=dc0701a7:2142:7)
    at doWatch (http://localhost:7777/node_modules/.vite/deps/chunk-FT3SB2S6.js?v=dc0701a7:3099:23)
    at watch2 (http://localhost:7777/node_modules/.vite/deps/chunk-FT3SB2S6.js?v=dc0701a7:3032:10)
    at useDeprecated (http://localhost:7777/node_modules/.vite/deps/element-plus.js?v=dc0701a7:10178:3) @ http://localhost:7777/node_modules/.vite/deps/element-plus.js?v=dc0701a7:9085
[  672474ms] [WARNING] ElementPlusError: [el-checkbox] [API] label act as value is about to be deprecated in version 3.0.0, please use value instead.
For more detail, please visit: https://element-plus.org/en-US/component/checkbox.html

    at debugWarn (http://localhost:7777/node_modules/.vite/deps/element-plus.js?v=dc0701a7:9085:37)
    at watch.immediate (http://localhost:7777/node_modules/.vite/deps/element-plus.js?v=dc0701a7:10179:14)
    at callWithErrorHandling (http://localhost:7777/node_modules/.vite/deps/chunk-FT3SB2S6.js?v=dc0701a7:2377:19)
    at callWithAsyncErrorHandling (http://localhost:7777/node_modules/.vite/deps/chunk-FT3SB2S6.js?v=dc0701a7:2384:17)
    at baseWatchOptions.call (http://localhost:7777/node_modules/.vite/deps/chunk-FT3SB2S6.js?v=dc0701a7:3071:47)
    at job (http://localhost:7777/node_modules/.vite/deps/chunk-FT3SB2S6.js?v=dc0701a7:2107:18)
    at watch (http://localhost:7777/node_modules/.vite/deps/chunk-FT3SB2S6.js?v=dc0701a7:2142:7)
    at doWatch (http://localhost:7777/node_modules/.vite/deps/chunk-FT3SB2S6.js?v=dc0701a7:3099:23)
    at watch2 (http://localhost:7777/node_modules/.vite/deps/chunk-FT3SB2S6.js?v=dc0701a7:3032:10)
    at useDeprecated (http://localhost:7777/node_modules/.vite/deps/element-plus.js?v=dc0701a7:10178:3) @ http://localhost:7777/node_modules/.vite/deps/element-plus.js?v=dc0701a7:9085
[  672475ms] [WARNING] ElementPlusError: [el-checkbox] [API] label act as value is about to be deprecated in version 3.0.0, please use value instead.
For more detail, please visit: https://element-plus.org/en-US/component/checkbox.html

    at debugWarn (http://localhost:7777/node_modules/.vite/deps/element-plus.js?v=dc0701a7:9085:37)
    at watch.immediate (http://localhost:7777/node_modules/.vite/deps/element-plus.js?v=dc0701a7:10179:14)
    at callWithErrorHandling (http://localhost:7777/node_modules/.vite/deps/chunk-FT3SB2S6.js?v=dc0701a7:2377:19)
    at callWithAsyncErrorHandling (http://localhost:7777/node_modules/.vite/deps/chunk-FT3SB2S6.js?v=dc0701a7:2384:17)
    at baseWatchOptions.call (http://localhost:7777/node_modules/.vite/deps/chunk-FT3SB2S6.js?v=dc0701a7:3071:47)
    at job (http://localhost:7777/node_modules/.vite/deps/chunk-FT3SB2S6.js?v=dc0701a7:2107:18)
    at watch (http://localhost:7777/node_modules/.vite/deps/chunk-FT3SB2S6.js?v=dc0701a7:2142:7)
    at doWatch (http://localhost:7777/node_modules/.vite/deps/chunk-FT3SB2S6.js?v=dc0701a7:3099:23)
    at watch2 (http://localhost:7777/node_modules/.vite/deps/chunk-FT3SB2S6.js?v=dc0701a7:3032:10)
    at useDeprecated (http://localhost:7777/node_modules/.vite/deps/element-plus.js?v=dc0701a7:10178:3) @ http://localhost:7777/node_modules/.vite/deps/element-plus.js?v=dc0701a7:9085
[  672475ms] [WARNING] ElementPlusError: [el-checkbox] [API] label act as value is about to be deprecated in version 3.0.0, please use value instead.
For more detail, please visit: https://element-plus.org/en-US/component/checkbox.html

    at debugWarn (http://localhost:7777/node_modules/.vite/deps/element-plus.js?v=dc0701a7:9085:37)
    at watch.immediate (http://localhost:7777/node_modules/.vite/deps/element-plus.js?v=dc0701a7:10179:14)
    at callWithErrorHandling (http://localhost:7777/node_modules/.vite/deps/chunk-FT3SB2S6.js?v=dc0701a7:2377:19)
    at callWithAsyncErrorHandling (http://localhost:7777/node_modules/.vite/deps/chunk-FT3SB2S6.js?v=dc0701a7:2384:17)
    at baseWatchOptions.call (http://localhost:7777/node_modules/.vite/deps/chunk-FT3SB2S6.js?v=dc0701a7:3071:47)
    at job (http://localhost:7777/node_modules/.vite/deps/chunk-FT3SB2S6.js?v=dc0701a7:2107:18)
    at watch (http://localhost:7777/node_modules/.vite/deps/chunk-FT3SB2S6.js?v=dc0701a7:2142:7)
    at doWatch (http://localhost:7777/node_modules/.vite/deps/chunk-FT3SB2S6.js?v=dc0701a7:3099:23)
    at watch2 (http://localhost:7777/node_modules/.vite/deps/chunk-FT3SB2S6.js?v=dc0701a7:3032:10)
    at useDeprecated (http://localhost:7777/node_modules/.vite/deps/element-plus.js?v=dc0701a7:10178:3) @ http://localhost:7777/node_modules/.vite/deps/element-plus.js?v=dc0701a7:9085
[  672475ms] [WARNING] ElementPlusError: [el-checkbox] [API] label act as value is about to be deprecated in version 3.0.0, please use value instead.
For more detail, please visit: https://element-plus.org/en-US/component/checkbox.html

    at debugWarn (http://localhost:7777/node_modules/.vite/deps/element-plus.js?v=dc0701a7:9085:37)
    at watch.immediate (http://localhost:7777/node_modules/.vite/deps/element-plus.js?v=dc0701a7:10179:14)
    at callWithErrorHandling (http://localhost:7777/node_modules/.vite/deps/chunk-FT3SB2S6.js?v=dc0701a7:2377:19)
    at callWithAsyncErrorHandling (http://localhost:7777/node_modules/.vite/deps/chunk-FT3SB2S6.js?v=dc0701a7:2384:17)
    at baseWatchOptions.call (http://localhost:7777/node_modules/.vite/deps/chunk-FT3SB2S6.js?v=dc0701a7:3071:47)
    at job (http://localhost:7777/node_modules/.vite/deps/chunk-FT3SB2S6.js?v=dc0701a7:2107:18)
    at watch (http://localhost:7777/node_modules/.vite/deps/chunk-FT3SB2S6.js?v=dc0701a7:2142:7)
    at doWatch (http://localhost:7777/node_modules/.vite/deps/chunk-FT3SB2S6.js?v=dc0701a7:3099:23)
    at watch2 (http://localhost:7777/node_modules/.vite/deps/chunk-FT3SB2S6.js?v=dc0701a7:3032:10)
    at useDeprecated (http://localhost:7777/node_modules/.vite/deps/element-plus.js?v=dc0701a7:10178:3) @ http://localhost:7777/node_modules/.vite/deps/element-plus.js?v=dc0701a7:9085
[  672475ms] [WARNING] ElementPlusError: [el-checkbox] [API] label act as value is about to be deprecated in version 3.0.0, please use value instead.
For more detail, please visit: https://element-plus.org/en-US/component/checkbox.html

    at debugWarn (http://localhost:7777/node_modules/.vite/deps/element-plus.js?v=dc0701a7:9085:37)
    at watch.immediate (http://localhost:7777/node_modules/.vite/deps/element-plus.js?v=dc0701a7:10179:14)
    at callWithErrorHandling (http://localhost:7777/node_modules/.vite/deps/chunk-FT3SB2S6.js?v=dc0701a7:2377:19)
    at callWithAsyncErrorHandling (http://localhost:7777/node_modules/.vite/deps/chunk-FT3SB2S6.js?v=dc0701a7:2384:17)
    at baseWatchOptions.call (http://localhost:7777/node_modules/.vite/deps/chunk-FT3SB2S6.js?v=dc0701a7:3071:47)
    at job (http://localhost:7777/node_modules/.vite/deps/chunk-FT3SB2S6.js?v=dc0701a7:2107:18)
    at watch (http://localhost:7777/node_modules/.vite/deps/chunk-FT3SB2S6.js?v=dc0701a7:2142:7)
    at doWatch (http://localhost:7777/node_modules/.vite/deps/chunk-FT3SB2S6.js?v=dc0701a7:3099:23)
    at watch2 (http://localhost:7777/node_modules/.vite/deps/chunk-FT3SB2S6.js?v=dc0701a7:3032:10)
    at useDeprecated (http://localhost:7777/node_modules/.vite/deps/element-plus.js?v=dc0701a7:10178:3) @ http://localhost:7777/node_modules/.vite/deps/element-plus.js?v=dc0701a7:9085
[  672475ms] [WARNING] ElementPlusError: [el-checkbox] [API] label act as value is about to be deprecated in version 3.0.0, please use value instead.
For more detail, please visit: https://element-plus.org/en-US/component/checkbox.html

    at debugWarn (http://localhost:7777/node_modules/.vite/deps/element-plus.js?v=dc0701a7:9085:37)
    at watch.immediate (http://localhost:7777/node_modules/.vite/deps/element-plus.js?v=dc0701a7:10179:14)
    at callWithErrorHandling (http://localhost:7777/node_modules/.vite/deps/chunk-FT3SB2S6.js?v=dc0701a7:2377:19)
    at callWithAsyncErrorHandling (http://localhost:7777/node_modules/.vite/deps/chunk-FT3SB2S6.js?v=dc0701a7:2384:17)
    at baseWatchOptions.call (http://localhost:7777/node_modules/.vite/deps/chunk-FT3SB2S6.js?v=dc0701a7:3071:47)
    at job (http://localhost:7777/node_modules/.vite/deps/chunk-FT3SB2S6.js?v=dc0701a7:2107:18)
    at watch (http://localhost:7777/node_modules/.vite/deps/chunk-FT3SB2S6.js?v=dc0701a7:2142:7)
    at doWatch (http://localhost:7777/node_modules/.vite/deps/chunk-FT3SB2S6.js?v=dc0701a7:3099:23)
    at watch2 (http://localhost:7777/node_modules/.vite/deps/chunk-FT3SB2S6.js?v=dc0701a7:3032:10)
    at useDeprecated (http://localhost:7777/node_modules/.vite/deps/element-plus.js?v=dc0701a7:10178:3) @ http://localhost:7777/node_modules/.vite/deps/element-plus.js?v=dc0701a7:9085
[  672475ms] [WARNING] ElementPlusError: [el-checkbox] [API] label act as value is about to be deprecated in version 3.0.0, please use value instead.
For more detail, please visit: https://element-plus.org/en-US/component/checkbox.html

    at debugWarn (http://localhost:7777/node_modules/.vite/deps/element-plus.js?v=dc0701a7:9085:37)
    at watch.immediate (http://localhost:7777/node_modules/.vite/deps/element-plus.js?v=dc0701a7:10179:14)
    at callWithErrorHandling (http://localhost:7777/node_modules/.vite/deps/chunk-FT3SB2S6.js?v=dc0701a7:2377:19)
    at callWithAsyncErrorHandling (http://localhost:7777/node_modules/.vite/deps/chunk-FT3SB2S6.js?v=dc0701a7:2384:17)
    at baseWatchOptions.call (http://localhost:7777/node_modules/.vite/deps/chunk-FT3SB2S6.js?v=dc0701a7:3071:47)
    at job (http://localhost:7777/node_modules/.vite/deps/chunk-FT3SB2S6.js?v=dc0701a7:2107:18)
    at watch (http://localhost:7777/node_modules/.vite/deps/chunk-FT3SB2S6.js?v=dc0701a7:2142:7)
    at doWatch (http://localhost:7777/node_modules/.vite/deps/chunk-FT3SB2S6.js?v=dc0701a7:3099:23)
    at watch2 (http://localhost:7777/node_modules/.vite/deps/chunk-FT3SB2S6.js?v=dc0701a7:3032:10)
    at useDeprecated (http://localhost:7777/node_modules/.vite/deps/element-plus.js?v=dc0701a7:10178:3) @ http://localhost:7777/node_modules/.vite/deps/element-plus.js?v=dc0701a7:9085
[  672476ms] [WARNING] ElementPlusError: [el-checkbox] [API] label act as value is about to be deprecated in version 3.0.0, please use value instead.
For more detail, please visit: https://element-plus.org/en-US/component/checkbox.html

    at debugWarn (http://localhost:7777/node_modules/.vite/deps/element-plus.js?v=dc0701a7:9085:37)
    at watch.immediate (http://localhost:7777/node_modules/.vite/deps/element-plus.js?v=dc0701a7:10179:14)
    at callWithErrorHandling (http://localhost:7777/node_modules/.vite/deps/chunk-FT3SB2S6.js?v=dc0701a7:2377:19)
    at callWithAsyncErrorHandling (http://localhost:7777/node_modules/.vite/deps/chunk-FT3SB2S6.js?v=dc0701a7:2384:17)
    at baseWatchOptions.call (http://localhost:7777/node_modules/.vite/deps/chunk-FT3SB2S6.js?v=dc0701a7:3071:47)
    at job (http://localhost:7777/node_modules/.vite/deps/chunk-FT3SB2S6.js?v=dc0701a7:2107:18)
    at watch (http://localhost:7777/node_modules/.vite/deps/chunk-FT3SB2S6.js?v=dc0701a7:2142:7)
    at doWatch (http://localhost:7777/node_modules/.vite/deps/chunk-FT3SB2S6.js?v=dc0701a7:3099:23)
    at watch2 (http://localhost:7777/node_modules/.vite/deps/chunk-FT3SB2S6.js?v=dc0701a7:3032:10)
    at useDeprecated (http://localhost:7777/node_modules/.vite/deps/element-plus.js?v=dc0701a7:10178:3) @ http://localhost:7777/node_modules/.vite/deps/element-plus.js?v=dc0701a7:9085
[  672476ms] [WARNING] ElementPlusError: [el-checkbox] [API] label act as value is about to be deprecated in version 3.0.0, please use value instead.
For more detail, please visit: https://element-plus.org/en-US/component/checkbox.html

    at debugWarn (http://localhost:7777/node_modules/.vite/deps/element-plus.js?v=dc0701a7:9085:37)
    at watch.immediate (http://localhost:7777/node_modules/.vite/deps/element-plus.js?v=dc0701a7:10179:14)
    at callWithErrorHandling (http://localhost:7777/node_modules/.vite/deps/chunk-FT3SB2S6.js?v=dc0701a7:2377:19)
    at callWithAsyncErrorHandling (http://localhost:7777/node_modules/.vite/deps/chunk-FT3SB2S6.js?v=dc0701a7:2384:17)
    at baseWatchOptions.call (http://localhost:7777/node_modules/.vite/deps/chunk-FT3SB2S6.js?v=dc0701a7:3071:47)
    at job (http://localhost:7777/node_modules/.vite/deps/chunk-FT3SB2S6.js?v=dc0701a7:2107:18)
    at watch (http://localhost:7777/node_modules/.vite/deps/chunk-FT3SB2S6.js?v=dc0701a7:2142:7)
    at doWatch (http://localhost:7777/node_modules/.vite/deps/chunk-FT3SB2S6.js?v=dc0701a7:3099:23)
    at watch2 (http://localhost:7777/node_modules/.vite/deps/chunk-FT3SB2S6.js?v=dc0701a7:3032:10)
    at useDeprecated (http://localhost:7777/node_modules/.vite/deps/element-plus.js?v=dc0701a7:10178:3) @ http://localhost:7777/node_modules/.vite/deps/element-plus.js?v=dc0701a7:9085
[  672476ms] [WARNING] ElementPlusError: [el-checkbox] [API] label act as value is about to be deprecated in version 3.0.0, please use value instead.
For more detail, please visit: https://element-plus.org/en-US/component/checkbox.html

    at debugWarn (http://localhost:7777/node_modules/.vite/deps/element-plus.js?v=dc0701a7:9085:37)
    at watch.immediate (http://localhost:7777/node_modules/.vite/deps/element-plus.js?v=dc0701a7:10179:14)
    at callWithErrorHandling (http://localhost:7777/node_modules/.vite/deps/chunk-FT3SB2S6.js?v=dc0701a7:2377:19)
    at callWithAsyncErrorHandling (http://localhost:7777/node_modules/.vite/deps/chunk-FT3SB2S6.js?v=dc0701a7:2384:17)
    at baseWatchOptions.call (http://localhost:7777/node_modules/.vite/deps/chunk-FT3SB2S6.js?v=dc0701a7:3071:47)
    at job (http://localhost:7777/node_modules/.vite/deps/chunk-FT3SB2S6.js?v=dc0701a7:2107:18)
    at watch (http://localhost:7777/node_modules/.vite/deps/chunk-FT3SB2S6.js?v=dc0701a7:2142:7)
    at doWatch (http://localhost:7777/node_modules/.vite/deps/chunk-FT3SB2S6.js?v=dc0701a7:3099:23)
    at watch2 (http://localhost:7777/node_modules/.vite/deps/chunk-FT3SB2S6.js?v=dc0701a7:3032:10)
    at useDeprecated (http://localhost:7777/node_modules/.vite/deps/element-plus.js?v=dc0701a7:10178:3) @ http://localhost:7777/node_modules/.vite/deps/element-plus.js?v=dc0701a7:9085
[  672476ms] [WARNING] ElementPlusError: [el-checkbox] [API] label act as value is about to be deprecated in version 3.0.0, please use value instead.
For more detail, please visit: https://element-plus.org/en-US/component/checkbox.html

    at debugWarn (http://localhost:7777/node_modules/.vite/deps/element-plus.js?v=dc0701a7:9085:37)
    at watch.immediate (http://localhost:7777/node_modules/.vite/deps/element-plus.js?v=dc0701a7:10179:14)
    at callWithErrorHandling (http://localhost:7777/node_modules/.vite/deps/chunk-FT3SB2S6.js?v=dc0701a7:2377:19)
    at callWithAsyncErrorHandling (http://localhost:7777/node_modules/.vite/deps/chunk-FT3SB2S6.js?v=dc0701a7:2384:17)
    at baseWatchOptions.call (http://localhost:7777/node_modules/.vite/deps/chunk-FT3SB2S6.js?v=dc0701a7:3071:47)
    at job (http://localhost:7777/node_modules/.vite/deps/chunk-FT3SB2S6.js?v=dc0701a7:2107:18)
    at watch (http://localhost:7777/node_modules/.vite/deps/chunk-FT3SB2S6.js?v=dc0701a7:2142:7)
    at doWatch (http://localhost:7777/node_modules/.vite/deps/chunk-FT3SB2S6.js?v=dc0701a7:3099:23)
    at watch2 (http://localhost:7777/node_modules/.vite/deps/chunk-FT3SB2S6.js?v=dc0701a7:3032:10)
    at useDeprecated (http://localhost:7777/node_modules/.vite/deps/element-plus.js?v=dc0701a7:10178:3) @ http://localhost:7777/node_modules/.vite/deps/element-plus.js?v=dc0701a7:9085
[  672477ms] [WARNING] ElementPlusError: [el-checkbox] [API] label act as value is about to be deprecated in version 3.0.0, please use value instead.
For more detail, please visit: https://element-plus.org/en-US/component/checkbox.html

    at debugWarn (http://localhost:7777/node_modules/.vite/deps/element-plus.js?v=dc0701a7:9085:37)
    at watch.immediate (http://localhost:7777/node_modules/.vite/deps/element-plus.js?v=dc0701a7:10179:14)
    at callWithErrorHandling (http://localhost:7777/node_modules/.vite/deps/chunk-FT3SB2S6.js?v=dc0701a7:2377:19)
    at callWithAsyncErrorHandling (http://localhost:7777/node_modules/.vite/deps/chunk-FT3SB2S6.js?v=dc0701a7:2384:17)
    at baseWatchOptions.call (http://localhost:7777/node_modules/.vite/deps/chunk-FT3SB2S6.js?v=dc0701a7:3071:47)
    at job (http://localhost:7777/node_modules/.vite/deps/chunk-FT3SB2S6.js?v=dc0701a7:2107:18)
    at watch (http://localhost:7777/node_modules/.vite/deps/chunk-FT3SB2S6.js?v=dc0701a7:2142:7)
    at doWatch (http://localhost:7777/node_modules/.vite/deps/chunk-FT3SB2S6.js?v=dc0701a7:3099:23)
    at watch2 (http://localhost:7777/node_modules/.vite/deps/chunk-FT3SB2S6.js?v=dc0701a7:3032:10)
    at useDeprecated (http://localhost:7777/node_modules/.vite/deps/element-plus.js?v=dc0701a7:10178:3) @ http://localhost:7777/node_modules/.vite/deps/element-plus.js?v=dc0701a7:9085
[  672477ms] [WARNING] ElementPlusError: [el-checkbox] [API] label act as value is about to be deprecated in version 3.0.0, please use value instead.
For more detail, please visit: https://element-plus.org/en-US/component/checkbox.html

    at debugWarn (http://localhost:7777/node_modules/.vite/deps/element-plus.js?v=dc0701a7:9085:37)
    at watch.immediate (http://localhost:7777/node_modules/.vite/deps/element-plus.js?v=dc0701a7:10179:14)
    at callWithErrorHandling (http://localhost:7777/node_modules/.vite/deps/chunk-FT3SB2S6.js?v=dc0701a7:2377:19)
    at callWithAsyncErrorHandling (http://localhost:7777/node_modules/.vite/deps/chunk-FT3SB2S6.js?v=dc0701a7:2384:17)
    at baseWatchOptions.call (http://localhost:7777/node_modules/.vite/deps/chunk-FT3SB2S6.js?v=dc0701a7:3071:47)
    at job (http://localhost:7777/node_modules/.vite/deps/chunk-FT3SB2S6.js?v=dc0701a7:2107:18)
    at watch (http://localhost:7777/node_modules/.vite/deps/chunk-FT3SB2S6.js?v=dc0701a7:2142:7)
    at doWatch (http://localhost:7777/node_modules/.vite/deps/chunk-FT3SB2S6.js?v=dc0701a7:3099:23)
    at watch2 (http://localhost:7777/node_modules/.vite/deps/chunk-FT3SB2S6.js?v=dc0701a7:3032:10)
    at useDeprecated (http://localhost:7777/node_modules/.vite/deps/element-plus.js?v=dc0701a7:10178:3) @ http://localhost:7777/node_modules/.vite/deps/element-plus.js?v=dc0701a7:9085
[  672477ms] [WARNING] ElementPlusError: [el-checkbox] [API] label act as value is about to be deprecated in version 3.0.0, please use value instead.
For more detail, please visit: https://element-plus.org/en-US/component/checkbox.html

    at debugWarn (http://localhost:7777/node_modules/.vite/deps/element-plus.js?v=dc0701a7:9085:37)
    at watch.immediate (http://localhost:7777/node_modules/.vite/deps/element-plus.js?v=dc0701a7:10179:14)
    at callWithErrorHandling (http://localhost:7777/node_modules/.vite/deps/chunk-FT3SB2S6.js?v=dc0701a7:2377:19)
    at callWithAsyncErrorHandling (http://localhost:7777/node_modules/.vite/deps/chunk-FT3SB2S6.js?v=dc0701a7:2384:17)
    at baseWatchOptions.call (http://localhost:7777/node_modules/.vite/deps/chunk-FT3SB2S6.js?v=dc0701a7:3071:47)
    at job (http://localhost:7777/node_modules/.vite/deps/chunk-FT3SB2S6.js?v=dc0701a7:2107:18)
    at watch (http://localhost:7777/node_modules/.vite/deps/chunk-FT3SB2S6.js?v=dc0701a7:2142:7)
    at doWatch (http://localhost:7777/node_modules/.vite/deps/chunk-FT3SB2S6.js?v=dc0701a7:3099:23)
    at watch2 (http://localhost:7777/node_modules/.vite/deps/chunk-FT3SB2S6.js?v=dc0701a7:3032:10)
    at useDeprecated (http://localhost:7777/node_modules/.vite/deps/element-plus.js?v=dc0701a7:10178:3) @ http://localhost:7777/node_modules/.vite/deps/element-plus.js?v=dc0701a7:9085
[  672478ms] [WARNING] ElementPlusError: [el-checkbox] [API] label act as value is about to be deprecated in version 3.0.0, please use value instead.
For more detail, please visit: https://element-plus.org/en-US/component/checkbox.html

    at debugWarn (http://localhost:7777/node_modules/.vite/deps/element-plus.js?v=dc0701a7:9085:37)
    at watch.immediate (http://localhost:7777/node_modules/.vite/deps/element-plus.js?v=dc0701a7:10179:14)
    at callWithErrorHandling (http://localhost:7777/node_modules/.vite/deps/chunk-FT3SB2S6.js?v=dc0701a7:2377:19)
    at callWithAsyncErrorHandling (http://localhost:7777/node_modules/.vite/deps/chunk-FT3SB2S6.js?v=dc0701a7:2384:17)
    at baseWatchOptions.call (http://localhost:7777/node_modules/.vite/deps/chunk-FT3SB2S6.js?v=dc0701a7:3071:47)
    at job (http://localhost:7777/node_modules/.vite/deps/chunk-FT3SB2S6.js?v=dc0701a7:2107:18)
    at watch (http://localhost:7777/node_modules/.vite/deps/chunk-FT3SB2S6.js?v=dc0701a7:2142:7)
    at doWatch (http://localhost:7777/node_modules/.vite/deps/chunk-FT3SB2S6.js?v=dc0701a7:3099:23)
    at watch2 (http://localhost:7777/node_modules/.vite/deps/chunk-FT3SB2S6.js?v=dc0701a7:3032:10)
    at useDeprecated (http://localhost:7777/node_modules/.vite/deps/element-plus.js?v=dc0701a7:10178:3) @ http://localhost:7777/node_modules/.vite/deps/element-plus.js?v=dc0701a7:9085
[  672478ms] [WARNING] ElementPlusError: [el-checkbox] [API] label act as value is about to be deprecated in version 3.0.0, please use value instead.
For more detail, please visit: https://element-plus.org/en-US/component/checkbox.html

    at debugWarn (http://localhost:7777/node_modules/.vite/deps/element-plus.js?v=dc0701a7:9085:37)
    at watch.immediate (http://localhost:7777/node_modules/.vite/deps/element-plus.js?v=dc0701a7:10179:14)
    at callWithErrorHandling (http://localhost:7777/node_modules/.vite/deps/chunk-FT3SB2S6.js?v=dc0701a7:2377:19)
    at callWithAsyncErrorHandling (http://localhost:7777/node_modules/.vite/deps/chunk-FT3SB2S6.js?v=dc0701a7:2384:17)
    at baseWatchOptions.call (http://localhost:7777/node_modules/.vite/deps/chunk-FT3SB2S6.js?v=dc0701a7:3071:47)
    at job (http://localhost:7777/node_modules/.vite/deps/chunk-FT3SB2S6.js?v=dc0701a7:2107:18)
    at watch (http://localhost:7777/node_modules/.vite/deps/chunk-FT3SB2S6.js?v=dc0701a7:2142:7)
    at doWatch (http://localhost:7777/node_modules/.vite/deps/chunk-FT3SB2S6.js?v=dc0701a7:3099:23)
    at watch2 (http://localhost:7777/node_modules/.vite/deps/chunk-FT3SB2S6.js?v=dc0701a7:3032:10)
    at useDeprecated (http://localhost:7777/node_modules/.vite/deps/element-plus.js?v=dc0701a7:10178:3) @ http://localhost:7777/node_modules/.vite/deps/element-plus.js?v=dc0701a7:9085
[  672479ms] [WARNING] ElementPlusError: [el-checkbox] [API] label act as value is about to be deprecated in version 3.0.0, please use value instead.
For more detail, please visit: https://element-plus.org/en-US/component/checkbox.html

    at debugWarn (http://localhost:7777/node_modules/.vite/deps/element-plus.js?v=dc0701a7:9085:37)
    at watch.immediate (http://localhost:7777/node_modules/.vite/deps/element-plus.js?v=dc0701a7:10179:14)
    at callWithErrorHandling (http://localhost:7777/node_modules/.vite/deps/chunk-FT3SB2S6.js?v=dc0701a7:2377:19)
    at callWithAsyncErrorHandling (http://localhost:7777/node_modules/.vite/deps/chunk-FT3SB2S6.js?v=dc0701a7:2384:17)
    at baseWatchOptions.call (http://localhost:7777/node_modules/.vite/deps/chunk-FT3SB2S6.js?v=dc0701a7:3071:47)
    at job (http://localhost:7777/node_modules/.vite/deps/chunk-FT3SB2S6.js?v=dc0701a7:2107:18)
    at watch (http://localhost:7777/node_modules/.vite/deps/chunk-FT3SB2S6.js?v=dc0701a7:2142:7)
    at doWatch (http://localhost:7777/node_modules/.vite/deps/chunk-FT3SB2S6.js?v=dc0701a7:3099:23)
    at watch2 (http://localhost:7777/node_modules/.vite/deps/chunk-FT3SB2S6.js?v=dc0701a7:3032:10)
    at useDeprecated (http://localhost:7777/node_modules/.vite/deps/element-plus.js?v=dc0701a7:10178:3) @ http://localhost:7777/node_modules/.vite/deps/element-plus.js?v=dc0701a7:9085
[  672479ms] [WARNING] ElementPlusError: [el-checkbox] [API] label act as value is about to be deprecated in version 3.0.0, please use value instead.
For more detail, please visit: https://element-plus.org/en-US/component/checkbox.html

    at debugWarn (http://localhost:7777/node_modules/.vite/deps/element-plus.js?v=dc0701a7:9085:37)
    at watch.immediate (http://localhost:7777/node_modules/.vite/deps/element-plus.js?v=dc0701a7:10179:14)
    at callWithErrorHandling (http://localhost:7777/node_modules/.vite/deps/chunk-FT3SB2S6.js?v=dc0701a7:2377:19)
    at callWithAsyncErrorHandling (http://localhost:7777/node_modules/.vite/deps/chunk-FT3SB2S6.js?v=dc0701a7:2384:17)
    at baseWatchOptions.call (http://localhost:7777/node_modules/.vite/deps/chunk-FT3SB2S6.js?v=dc0701a7:3071:47)
    at job (http://localhost:7777/node_modules/.vite/deps/chunk-FT3SB2S6.js?v=dc0701a7:2107:18)
    at watch (http://localhost:7777/node_modules/.vite/deps/chunk-FT3SB2S6.js?v=dc0701a7:2142:7)
    at doWatch (http://localhost:7777/node_modules/.vite/deps/chunk-FT3SB2S6.js?v=dc0701a7:3099:23)
    at watch2 (http://localhost:7777/node_modules/.vite/deps/chunk-FT3SB2S6.js?v=dc0701a7:3032:10)
    at useDeprecated (http://localhost:7777/node_modules/.vite/deps/element-plus.js?v=dc0701a7:10178:3) @ http://localhost:7777/node_modules/.vite/deps/element-plus.js?v=dc0701a7:9085
[  672479ms] [WARNING] ElementPlusError: [el-checkbox] [API] label act as value is about to be deprecated in version 3.0.0, please use value instead.
For more detail, please visit: https://element-plus.org/en-US/component/checkbox.html

    at debugWarn (http://localhost:7777/node_modules/.vite/deps/element-plus.js?v=dc0701a7:9085:37)
    at watch.immediate (http://localhost:7777/node_modules/.vite/deps/element-plus.js?v=dc0701a7:10179:14)
    at callWithErrorHandling (http://localhost:7777/node_modules/.vite/deps/chunk-FT3SB2S6.js?v=dc0701a7:2377:19)
    at callWithAsyncErrorHandling (http://localhost:7777/node_modules/.vite/deps/chunk-FT3SB2S6.js?v=dc0701a7:2384:17)
    at baseWatchOptions.call (http://localhost:7777/node_modules/.vite/deps/chunk-FT3SB2S6.js?v=dc0701a7:3071:47)
    at job (http://localhost:7777/node_modules/.vite/deps/chunk-FT3SB2S6.js?v=dc0701a7:2107:18)
    at watch (http://localhost:7777/node_modules/.vite/deps/chunk-FT3SB2S6.js?v=dc0701a7:2142:7)
    at doWatch (http://localhost:7777/node_modules/.vite/deps/chunk-FT3SB2S6.js?v=dc0701a7:3099:23)
    at watch2 (http://localhost:7777/node_modules/.vite/deps/chunk-FT3SB2S6.js?v=dc0701a7:3032:10)
    at useDeprecated (http://localhost:7777/node_modules/.vite/deps/element-plus.js?v=dc0701a7:10178:3) @ http://localhost:7777/node_modules/.vite/deps/element-plus.js?v=dc0701a7:9085
[  672479ms] [WARNING] ElementPlusError: [el-checkbox] [API] label act as value is about to be deprecated in version 3.0.0, please use value instead.
For more detail, please visit: https://element-plus.org/en-US/component/checkbox.html

    at debugWarn (http://localhost:7777/node_modules/.vite/deps/element-plus.js?v=dc0701a7:9085:37)
    at watch.immediate (http://localhost:7777/node_modules/.vite/deps/element-plus.js?v=dc0701a7:10179:14)
    at callWithErrorHandling (http://localhost:7777/node_modules/.vite/deps/chunk-FT3SB2S6.js?v=dc0701a7:2377:19)
    at callWithAsyncErrorHandling (http://localhost:7777/node_modules/.vite/deps/chunk-FT3SB2S6.js?v=dc0701a7:2384:17)
    at baseWatchOptions.call (http://localhost:7777/node_modules/.vite/deps/chunk-FT3SB2S6.js?v=dc0701a7:3071:47)
    at job (http://localhost:7777/node_modules/.vite/deps/chunk-FT3SB2S6.js?v=dc0701a7:2107:18)
    at watch (http://localhost:7777/node_modules/.vite/deps/chunk-FT3SB2S6.js?v=dc0701a7:2142:7)
    at doWatch (http://localhost:7777/node_modules/.vite/deps/chunk-FT3SB2S6.js?v=dc0701a7:3099:23)
    at watch2 (http://localhost:7777/node_modules/.vite/deps/chunk-FT3SB2S6.js?v=dc0701a7:3032:10)
    at useDeprecated (http://localhost:7777/node_modules/.vite/deps/element-plus.js?v=dc0701a7:10178:3) @ http://localhost:7777/node_modules/.vite/deps/element-plus.js?v=dc0701a7:9085
[  672479ms] [WARNING] ElementPlusError: [el-checkbox] [API] label act as value is about to be deprecated in version 3.0.0, please use value instead.
For more detail, please visit: https://element-plus.org/en-US/component/checkbox.html

    at debugWarn (http://localhost:7777/node_modules/.vite/deps/element-plus.js?v=dc0701a7:9085:37)
    at watch.immediate (http://localhost:7777/node_modules/.vite/deps/element-plus.js?v=dc0701a7:10179:14)
    at callWithErrorHandling (http://localhost:7777/node_modules/.vite/deps/chunk-FT3SB2S6.js?v=dc0701a7:2377:19)
    at callWithAsyncErrorHandling (http://localhost:7777/node_modules/.vite/deps/chunk-FT3SB2S6.js?v=dc0701a7:2384:17)
    at baseWatchOptions.call (http://localhost:7777/node_modules/.vite/deps/chunk-FT3SB2S6.js?v=dc0701a7:3071:47)
    at job (http://localhost:7777/node_modules/.vite/deps/chunk-FT3SB2S6.js?v=dc0701a7:2107:18)
    at watch (http://localhost:7777/node_modules/.vite/deps/chunk-FT3SB2S6.js?v=dc0701a7:2142:7)
    at doWatch (http://localhost:7777/node_modules/.vite/deps/chunk-FT3SB2S6.js?v=dc0701a7:3099:23)
    at watch2 (http://localhost:7777/node_modules/.vite/deps/chunk-FT3SB2S6.js?v=dc0701a7:3032:10)
    at useDeprecated (http://localhost:7777/node_modules/.vite/deps/element-plus.js?v=dc0701a7:10178:3) @ http://localhost:7777/node_modules/.vite/deps/element-plus.js?v=dc0701a7:9085
[  672480ms] [WARNING] ElementPlusError: [el-checkbox] [API] label act as value is about to be deprecated in version 3.0.0, please use value instead.
For more detail, please visit: https://element-plus.org/en-US/component/checkbox.html

    at debugWarn (http://localhost:7777/node_modules/.vite/deps/element-plus.js?v=dc0701a7:9085:37)
    at watch.immediate (http://localhost:7777/node_modules/.vite/deps/element-plus.js?v=dc0701a7:10179:14)
    at callWithErrorHandling (http://localhost:7777/node_modules/.vite/deps/chunk-FT3SB2S6.js?v=dc0701a7:2377:19)
    at callWithAsyncErrorHandling (http://localhost:7777/node_modules/.vite/deps/chunk-FT3SB2S6.js?v=dc0701a7:2384:17)
    at baseWatchOptions.call (http://localhost:7777/node_modules/.vite/deps/chunk-FT3SB2S6.js?v=dc0701a7:3071:47)
    at job (http://localhost:7777/node_modules/.vite/deps/chunk-FT3SB2S6.js?v=dc0701a7:2107:18)
    at watch (http://localhost:7777/node_modules/.vite/deps/chunk-FT3SB2S6.js?v=dc0701a7:2142:7)
    at doWatch (http://localhost:7777/node_modules/.vite/deps/chunk-FT3SB2S6.js?v=dc0701a7:3099:23)
    at watch2 (http://localhost:7777/node_modules/.vite/deps/chunk-FT3SB2S6.js?v=dc0701a7:3032:10)
    at useDeprecated (http://localhost:7777/node_modules/.vite/deps/element-plus.js?v=dc0701a7:10178:3) @ http://localhost:7777/node_modules/.vite/deps/element-plus.js?v=dc0701a7:9085
[  672480ms] [WARNING] ElementPlusError: [el-checkbox] [API] label act as value is about to be deprecated in version 3.0.0, please use value instead.
For more detail, please visit: https://element-plus.org/en-US/component/checkbox.html

    at debugWarn (http://localhost:7777/node_modules/.vite/deps/element-plus.js?v=dc0701a7:9085:37)
    at watch.immediate (http://localhost:7777/node_modules/.vite/deps/element-plus.js?v=dc0701a7:10179:14)
    at callWithErrorHandling (http://localhost:7777/node_modules/.vite/deps/chunk-FT3SB2S6.js?v=dc0701a7:2377:19)
    at callWithAsyncErrorHandling (http://localhost:7777/node_modules/.vite/deps/chunk-FT3SB2S6.js?v=dc0701a7:2384:17)
    at baseWatchOptions.call (http://localhost:7777/node_modules/.vite/deps/chunk-FT3SB2S6.js?v=dc0701a7:3071:47)
    at job (http://localhost:7777/node_modules/.vite/deps/chunk-FT3SB2S6.js?v=dc0701a7:2107:18)
    at watch (http://localhost:7777/node_modules/.vite/deps/chunk-FT3SB2S6.js?v=dc0701a7:2142:7)
    at doWatch (http://localhost:7777/node_modules/.vite/deps/chunk-FT3SB2S6.js?v=dc0701a7:3099:23)
    at watch2 (http://localhost:7777/node_modules/.vite/deps/chunk-FT3SB2S6.js?v=dc0701a7:3032:10)
    at useDeprecated (http://localhost:7777/node_modules/.vite/deps/element-plus.js?v=dc0701a7:10178:3) @ http://localhost:7777/node_modules/.vite/deps/element-plus.js?v=dc0701a7:9085
[  672480ms] [WARNING] ElementPlusError: [el-checkbox] [API] label act as value is about to be deprecated in version 3.0.0, please use value instead.
For more detail, please visit: https://element-plus.org/en-US/component/checkbox.html

    at debugWarn (http://localhost:7777/node_modules/.vite/deps/element-plus.js?v=dc0701a7:9085:37)
    at watch.immediate (http://localhost:7777/node_modules/.vite/deps/element-plus.js?v=dc0701a7:10179:14)
    at callWithErrorHandling (http://localhost:7777/node_modules/.vite/deps/chunk-FT3SB2S6.js?v=dc0701a7:2377:19)
    at callWithAsyncErrorHandling (http://localhost:7777/node_modules/.vite/deps/chunk-FT3SB2S6.js?v=dc0701a7:2384:17)
    at baseWatchOptions.call (http://localhost:7777/node_modules/.vite/deps/chunk-FT3SB2S6.js?v=dc0701a7:3071:47)
    at job (http://localhost:7777/node_modules/.vite/deps/chunk-FT3SB2S6.js?v=dc0701a7:2107:18)
    at watch (http://localhost:7777/node_modules/.vite/deps/chunk-FT3SB2S6.js?v=dc0701a7:2142:7)
    at doWatch (http://localhost:7777/node_modules/.vite/deps/chunk-FT3SB2S6.js?v=dc0701a7:3099:23)
    at watch2 (http://localhost:7777/node_modules/.vite/deps/chunk-FT3SB2S6.js?v=dc0701a7:3032:10)
    at useDeprecated (http://localhost:7777/node_modules/.vite/deps/element-plus.js?v=dc0701a7:10178:3) @ http://localhost:7777/node_modules/.vite/deps/element-plus.js?v=dc0701a7:9085
[  672480ms] [WARNING] ElementPlusError: [el-checkbox] [API] label act as value is about to be deprecated in version 3.0.0, please use value instead.
For more detail, please visit: https://element-plus.org/en-US/component/checkbox.html

    at debugWarn (http://localhost:7777/node_modules/.vite/deps/element-plus.js?v=dc0701a7:9085:37)
    at watch.immediate (http://localhost:7777/node_modules/.vite/deps/element-plus.js?v=dc0701a7:10179:14)
    at callWithErrorHandling (http://localhost:7777/node_modules/.vite/deps/chunk-FT3SB2S6.js?v=dc0701a7:2377:19)
    at callWithAsyncErrorHandling (http://localhost:7777/node_modules/.vite/deps/chunk-FT3SB2S6.js?v=dc0701a7:2384:17)
    at baseWatchOptions.call (http://localhost:7777/node_modules/.vite/deps/chunk-FT3SB2S6.js?v=dc0701a7:3071:47)
    at job (http://localhost:7777/node_modules/.vite/deps/chunk-FT3SB2S6.js?v=dc0701a7:2107:18)
    at watch (http://localhost:7777/node_modules/.vite/deps/chunk-FT3SB2S6.js?v=dc0701a7:2142:7)
    at doWatch (http://localhost:7777/node_modules/.vite/deps/chunk-FT3SB2S6.js?v=dc0701a7:3099:23)
    at watch2 (http://localhost:7777/node_modules/.vite/deps/chunk-FT3SB2S6.js?v=dc0701a7:3032:10)
    at useDeprecated (http://localhost:7777/node_modules/.vite/deps/element-plus.js?v=dc0701a7:10178:3) @ http://localhost:7777/node_modules/.vite/deps/element-plus.js?v=dc0701a7:9085
[  672480ms] [WARNING] ElementPlusError: [el-checkbox] [API] label act as value is about to be deprecated in version 3.0.0, please use value instead.
For more detail, please visit: https://element-plus.org/en-US/component/checkbox.html

    at debugWarn (http://localhost:7777/node_modules/.vite/deps/element-plus.js?v=dc0701a7:9085:37)
    at watch.immediate (http://localhost:7777/node_modules/.vite/deps/element-plus.js?v=dc0701a7:10179:14)
    at callWithErrorHandling (http://localhost:7777/node_modules/.vite/deps/chunk-FT3SB2S6.js?v=dc0701a7:2377:19)
    at callWithAsyncErrorHandling (http://localhost:7777/node_modules/.vite/deps/chunk-FT3SB2S6.js?v=dc0701a7:2384:17)
    at baseWatchOptions.call (http://localhost:7777/node_modules/.vite/deps/chunk-FT3SB2S6.js?v=dc0701a7:3071:47)
    at job (http://localhost:7777/node_modules/.vite/deps/chunk-FT3SB2S6.js?v=dc0701a7:2107:18)
    at watch (http://localhost:7777/node_modules/.vite/deps/chunk-FT3SB2S6.js?v=dc0701a7:2142:7)
    at doWatch (http://localhost:7777/node_modules/.vite/deps/chunk-FT3SB2S6.js?v=dc0701a7:3099:23)
    at watch2 (http://localhost:7777/node_modules/.vite/deps/chunk-FT3SB2S6.js?v=dc0701a7:3032:10)
    at useDeprecated (http://localhost:7777/node_modules/.vite/deps/element-plus.js?v=dc0701a7:10178:3) @ http://localhost:7777/node_modules/.vite/deps/element-plus.js?v=dc0701a7:9085
[  672480ms] [WARNING] ElementPlusError: [el-checkbox] [API] label act as value is about to be deprecated in version 3.0.0, please use value instead.
For more detail, please visit: https://element-plus.org/en-US/component/checkbox.html

    at debugWarn (http://localhost:7777/node_modules/.vite/deps/element-plus.js?v=dc0701a7:9085:37)
    at watch.immediate (http://localhost:7777/node_modules/.vite/deps/element-plus.js?v=dc0701a7:10179:14)
    at callWithErrorHandling (http://localhost:7777/node_modules/.vite/deps/chunk-FT3SB2S6.js?v=dc0701a7:2377:19)
    at callWithAsyncErrorHandling (http://localhost:7777/node_modules/.vite/deps/chunk-FT3SB2S6.js?v=dc0701a7:2384:17)
    at baseWatchOptions.call (http://localhost:7777/node_modules/.vite/deps/chunk-FT3SB2S6.js?v=dc0701a7:3071:47)
    at job (http://localhost:7777/node_modules/.vite/deps/chunk-FT3SB2S6.js?v=dc0701a7:2107:18)
    at watch (http://localhost:7777/node_modules/.vite/deps/chunk-FT3SB2S6.js?v=dc0701a7:2142:7)
    at doWatch (http://localhost:7777/node_modules/.vite/deps/chunk-FT3SB2S6.js?v=dc0701a7:3099:23)
    at watch2 (http://localhost:7777/node_modules/.vite/deps/chunk-FT3SB2S6.js?v=dc0701a7:3032:10)
    at useDeprecated (http://localhost:7777/node_modules/.vite/deps/element-plus.js?v=dc0701a7:10178:3) @ http://localhost:7777/node_modules/.vite/deps/element-plus.js?v=dc0701a7:9085
[  672481ms] [WARNING] ElementPlusError: [el-checkbox] [API] label act as value is about to be deprecated in version 3.0.0, please use value instead.
For more detail, please visit: https://element-plus.org/en-US/component/checkbox.html

    at debugWarn (http://localhost:7777/node_modules/.vite/deps/element-plus.js?v=dc0701a7:9085:37)
    at watch.immediate (http://localhost:7777/node_modules/.vite/deps/element-plus.js?v=dc0701a7:10179:14)
    at callWithErrorHandling (http://localhost:7777/node_modules/.vite/deps/chunk-FT3SB2S6.js?v=dc0701a7:2377:19)
    at callWithAsyncErrorHandling (http://localhost:7777/node_modules/.vite/deps/chunk-FT3SB2S6.js?v=dc0701a7:2384:17)
    at baseWatchOptions.call (http://localhost:7777/node_modules/.vite/deps/chunk-FT3SB2S6.js?v=dc0701a7:3071:47)
    at job (http://localhost:7777/node_modules/.vite/deps/chunk-FT3SB2S6.js?v=dc0701a7:2107:18)
    at watch (http://localhost:7777/node_modules/.vite/deps/chunk-FT3SB2S6.js?v=dc0701a7:2142:7)
    at doWatch (http://localhost:7777/node_modules/.vite/deps/chunk-FT3SB2S6.js?v=dc0701a7:3099:23)
    at watch2 (http://localhost:7777/node_modules/.vite/deps/chunk-FT3SB2S6.js?v=dc0701a7:3032:10)
    at useDeprecated (http://localhost:7777/node_modules/.vite/deps/element-plus.js?v=dc0701a7:10178:3) @ http://localhost:7777/node_modules/.vite/deps/element-plus.js?v=dc0701a7:9085
[  672481ms] [WARNING] ElementPlusError: [el-checkbox] [API] label act as value is about to be deprecated in version 3.0.0, please use value instead.
For more detail, please visit: https://element-plus.org/en-US/component/checkbox.html

    at debugWarn (http://localhost:7777/node_modules/.vite/deps/element-plus.js?v=dc0701a7:9085:37)
    at watch.immediate (http://localhost:7777/node_modules/.vite/deps/element-plus.js?v=dc0701a7:10179:14)
    at callWithErrorHandling (http://localhost:7777/node_modules/.vite/deps/chunk-FT3SB2S6.js?v=dc0701a7:2377:19)
    at callWithAsyncErrorHandling (http://localhost:7777/node_modules/.vite/deps/chunk-FT3SB2S6.js?v=dc0701a7:2384:17)
    at baseWatchOptions.call (http://localhost:7777/node_modules/.vite/deps/chunk-FT3SB2S6.js?v=dc0701a7:3071:47)
    at job (http://localhost:7777/node_modules/.vite/deps/chunk-FT3SB2S6.js?v=dc0701a7:2107:18)
    at watch (http://localhost:7777/node_modules/.vite/deps/chunk-FT3SB2S6.js?v=dc0701a7:2142:7)
    at doWatch (http://localhost:7777/node_modules/.vite/deps/chunk-FT3SB2S6.js?v=dc0701a7:3099:23)
    at watch2 (http://localhost:7777/node_modules/.vite/deps/chunk-FT3SB2S6.js?v=dc0701a7:3032:10)
    at useDeprecated (http://localhost:7777/node_modules/.vite/deps/element-plus.js?v=dc0701a7:10178:3) @ http://localhost:7777/node_modules/.vite/deps/element-plus.js?v=dc0701a7:9085
[  672481ms] [WARNING] ElementPlusError: [el-checkbox] [API] label act as value is about to be deprecated in version 3.0.0, please use value instead.
For more detail, please visit: https://element-plus.org/en-US/component/checkbox.html

    at debugWarn (http://localhost:7777/node_modules/.vite/deps/element-plus.js?v=dc0701a7:9085:37)
    at watch.immediate (http://localhost:7777/node_modules/.vite/deps/element-plus.js?v=dc0701a7:10179:14)
    at callWithErrorHandling (http://localhost:7777/node_modules/.vite/deps/chunk-FT3SB2S6.js?v=dc0701a7:2377:19)
    at callWithAsyncErrorHandling (http://localhost:7777/node_modules/.vite/deps/chunk-FT3SB2S6.js?v=dc0701a7:2384:17)
    at baseWatchOptions.call (http://localhost:7777/node_modules/.vite/deps/chunk-FT3SB2S6.js?v=dc0701a7:3071:47)
    at job (http://localhost:7777/node_modules/.vite/deps/chunk-FT3SB2S6.js?v=dc0701a7:2107:18)
    at watch (http://localhost:7777/node_modules/.vite/deps/chunk-FT3SB2S6.js?v=dc0701a7:2142:7)
    at doWatch (http://localhost:7777/node_modules/.vite/deps/chunk-FT3SB2S6.js?v=dc0701a7:3099:23)
    at watch2 (http://localhost:7777/node_modules/.vite/deps/chunk-FT3SB2S6.js?v=dc0701a7:3032:10)
    at useDeprecated (http://localhost:7777/node_modules/.vite/deps/element-plus.js?v=dc0701a7:10178:3) @ http://localhost:7777/node_modules/.vite/deps/element-plus.js?v=dc0701a7:9085
[  672481ms] [WARNING] ElementPlusError: [el-checkbox] [API] label act as value is about to be deprecated in version 3.0.0, please use value instead.
For more detail, please visit: https://element-plus.org/en-US/component/checkbox.html

    at debugWarn (http://localhost:7777/node_modules/.vite/deps/element-plus.js?v=dc0701a7:9085:37)
    at watch.immediate (http://localhost:7777/node_modules/.vite/deps/element-plus.js?v=dc0701a7:10179:14)
    at callWithErrorHandling (http://localhost:7777/node_modules/.vite/deps/chunk-FT3SB2S6.js?v=dc0701a7:2377:19)
    at callWithAsyncErrorHandling (http://localhost:7777/node_modules/.vite/deps/chunk-FT3SB2S6.js?v=dc0701a7:2384:17)
    at baseWatchOptions.call (http://localhost:7777/node_modules/.vite/deps/chunk-FT3SB2S6.js?v=dc0701a7:3071:47)
    at job (http://localhost:7777/node_modules/.vite/deps/chunk-FT3SB2S6.js?v=dc0701a7:2107:18)
    at watch (http://localhost:7777/node_modules/.vite/deps/chunk-FT3SB2S6.js?v=dc0701a7:2142:7)
    at doWatch (http://localhost:7777/node_modules/.vite/deps/chunk-FT3SB2S6.js?v=dc0701a7:3099:23)
    at watch2 (http://localhost:7777/node_modules/.vite/deps/chunk-FT3SB2S6.js?v=dc0701a7:3032:10)
    at useDeprecated (http://localhost:7777/node_modules/.vite/deps/element-plus.js?v=dc0701a7:10178:3) @ http://localhost:7777/node_modules/.vite/deps/element-plus.js?v=dc0701a7:9085
[  672481ms] [WARNING] ElementPlusError: [el-checkbox] [API] label act as value is about to be deprecated in version 3.0.0, please use value instead.
For more detail, please visit: https://element-plus.org/en-US/component/checkbox.html

    at debugWarn (http://localhost:7777/node_modules/.vite/deps/element-plus.js?v=dc0701a7:9085:37)
    at watch.immediate (http://localhost:7777/node_modules/.vite/deps/element-plus.js?v=dc0701a7:10179:14)
    at callWithErrorHandling (http://localhost:7777/node_modules/.vite/deps/chunk-FT3SB2S6.js?v=dc0701a7:2377:19)
    at callWithAsyncErrorHandling (http://localhost:7777/node_modules/.vite/deps/chunk-FT3SB2S6.js?v=dc0701a7:2384:17)
    at baseWatchOptions.call (http://localhost:7777/node_modules/.vite/deps/chunk-FT3SB2S6.js?v=dc0701a7:3071:47)
    at job (http://localhost:7777/node_modules/.vite/deps/chunk-FT3SB2S6.js?v=dc0701a7:2107:18)
    at watch (http://localhost:7777/node_modules/.vite/deps/chunk-FT3SB2S6.js?v=dc0701a7:2142:7)
    at doWatch (http://localhost:7777/node_modules/.vite/deps/chunk-FT3SB2S6.js?v=dc0701a7:3099:23)
    at watch2 (http://localhost:7777/node_modules/.vite/deps/chunk-FT3SB2S6.js?v=dc0701a7:3032:10)
    at useDeprecated (http://localhost:7777/node_modules/.vite/deps/element-plus.js?v=dc0701a7:10178:3) @ http://localhost:7777/node_modules/.vite/deps/element-plus.js?v=dc0701a7:9085
[  672481ms] [WARNING] ElementPlusError: [el-checkbox] [API] label act as value is about to be deprecated in version 3.0.0, please use value instead.
For more detail, please visit: https://element-plus.org/en-US/component/checkbox.html

    at debugWarn (http://localhost:7777/node_modules/.vite/deps/element-plus.js?v=dc0701a7:9085:37)
    at watch.immediate (http://localhost:7777/node_modules/.vite/deps/element-plus.js?v=dc0701a7:10179:14)
    at callWithErrorHandling (http://localhost:7777/node_modules/.vite/deps/chunk-FT3SB2S6.js?v=dc0701a7:2377:19)
    at callWithAsyncErrorHandling (http://localhost:7777/node_modules/.vite/deps/chunk-FT3SB2S6.js?v=dc0701a7:2384:17)
    at baseWatchOptions.call (http://localhost:7777/node_modules/.vite/deps/chunk-FT3SB2S6.js?v=dc0701a7:3071:47)
    at job (http://localhost:7777/node_modules/.vite/deps/chunk-FT3SB2S6.js?v=dc0701a7:2107:18)
    at watch (http://localhost:7777/node_modules/.vite/deps/chunk-FT3SB2S6.js?v=dc0701a7:2142:7)
    at doWatch (http://localhost:7777/node_modules/.vite/deps/chunk-FT3SB2S6.js?v=dc0701a7:3099:23)
    at watch2 (http://localhost:7777/node_modules/.vite/deps/chunk-FT3SB2S6.js?v=dc0701a7:3032:10)
    at useDeprecated (http://localhost:7777/node_modules/.vite/deps/element-plus.js?v=dc0701a7:10178:3) @ http://localhost:7777/node_modules/.vite/deps/element-plus.js?v=dc0701a7:9085
[  672481ms] [WARNING] ElementPlusError: [el-checkbox] [API] label act as value is about to be deprecated in version 3.0.0, please use value instead.
For more detail, please visit: https://element-plus.org/en-US/component/checkbox.html

    at debugWarn (http://localhost:7777/node_modules/.vite/deps/element-plus.js?v=dc0701a7:9085:37)
    at watch.immediate (http://localhost:7777/node_modules/.vite/deps/element-plus.js?v=dc0701a7:10179:14)
    at callWithErrorHandling (http://localhost:7777/node_modules/.vite/deps/chunk-FT3SB2S6.js?v=dc0701a7:2377:19)
    at callWithAsyncErrorHandling (http://localhost:7777/node_modules/.vite/deps/chunk-FT3SB2S6.js?v=dc0701a7:2384:17)
    at baseWatchOptions.call (http://localhost:7777/node_modules/.vite/deps/chunk-FT3SB2S6.js?v=dc0701a7:3071:47)
    at job (http://localhost:7777/node_modules/.vite/deps/chunk-FT3SB2S6.js?v=dc0701a7:2107:18)
    at watch (http://localhost:7777/node_modules/.vite/deps/chunk-FT3SB2S6.js?v=dc0701a7:2142:7)
    at doWatch (http://localhost:7777/node_modules/.vite/deps/chunk-FT3SB2S6.js?v=dc0701a7:3099:23)
    at watch2 (http://localhost:7777/node_modules/.vite/deps/chunk-FT3SB2S6.js?v=dc0701a7:3032:10)
    at useDeprecated (http://localhost:7777/node_modules/.vite/deps/element-plus.js?v=dc0701a7:10178:3) @ http://localhost:7777/node_modules/.vite/deps/element-plus.js?v=dc0701a7:9085
[  672482ms] [WARNING] ElementPlusError: [el-checkbox] [API] label act as value is about to be deprecated in version 3.0.0, please use value instead.
For more detail, please visit: https://element-plus.org/en-US/component/checkbox.html

    at debugWarn (http://localhost:7777/node_modules/.vite/deps/element-plus.js?v=dc0701a7:9085:37)
    at watch.immediate (http://localhost:7777/node_modules/.vite/deps/element-plus.js?v=dc0701a7:10179:14)
    at callWithErrorHandling (http://localhost:7777/node_modules/.vite/deps/chunk-FT3SB2S6.js?v=dc0701a7:2377:19)
    at callWithAsyncErrorHandling (http://localhost:7777/node_modules/.vite/deps/chunk-FT3SB2S6.js?v=dc0701a7:2384:17)
    at baseWatchOptions.call (http://localhost:7777/node_modules/.vite/deps/chunk-FT3SB2S6.js?v=dc0701a7:3071:47)
    at job (http://localhost:7777/node_modules/.vite/deps/chunk-FT3SB2S6.js?v=dc0701a7:2107:18)
    at watch (http://localhost:7777/node_modules/.vite/deps/chunk-FT3SB2S6.js?v=dc0701a7:2142:7)
    at doWatch (http://localhost:7777/node_modules/.vite/deps/chunk-FT3SB2S6.js?v=dc0701a7:3099:23)
    at watch2 (http://localhost:7777/node_modules/.vite/deps/chunk-FT3SB2S6.js?v=dc0701a7:3032:10)
    at useDeprecated (http://localhost:7777/node_modules/.vite/deps/element-plus.js?v=dc0701a7:10178:3) @ http://localhost:7777/node_modules/.vite/deps/element-plus.js?v=dc0701a7:9085
[  672482ms] [WARNING] ElementPlusError: [el-checkbox] [API] label act as value is about to be deprecated in version 3.0.0, please use value instead.
For more detail, please visit: https://element-plus.org/en-US/component/checkbox.html

    at debugWarn (http://localhost:7777/node_modules/.vite/deps/element-plus.js?v=dc0701a7:9085:37)
    at watch.immediate (http://localhost:7777/node_modules/.vite/deps/element-plus.js?v=dc0701a7:10179:14)
    at callWithErrorHandling (http://localhost:7777/node_modules/.vite/deps/chunk-FT3SB2S6.js?v=dc0701a7:2377:19)
    at callWithAsyncErrorHandling (http://localhost:7777/node_modules/.vite/deps/chunk-FT3SB2S6.js?v=dc0701a7:2384:17)
    at baseWatchOptions.call (http://localhost:7777/node_modules/.vite/deps/chunk-FT3SB2S6.js?v=dc0701a7:3071:47)
    at job (http://localhost:7777/node_modules/.vite/deps/chunk-FT3SB2S6.js?v=dc0701a7:2107:18)
    at watch (http://localhost:7777/node_modules/.vite/deps/chunk-FT3SB2S6.js?v=dc0701a7:2142:7)
    at doWatch (http://localhost:7777/node_modules/.vite/deps/chunk-FT3SB2S6.js?v=dc0701a7:3099:23)
    at watch2 (http://localhost:7777/node_modules/.vite/deps/chunk-FT3SB2S6.js?v=dc0701a7:3032:10)
    at useDeprecated (http://localhost:7777/node_modules/.vite/deps/element-plus.js?v=dc0701a7:10178:3) @ http://localhost:7777/node_modules/.vite/deps/element-plus.js?v=dc0701a7:9085
[  672482ms] [WARNING] ElementPlusError: [el-checkbox] [API] label act as value is about to be deprecated in version 3.0.0, please use value instead.
For more detail, please visit: https://element-plus.org/en-US/component/checkbox.html

    at debugWarn (http://localhost:7777/node_modules/.vite/deps/element-plus.js?v=dc0701a7:9085:37)
    at watch.immediate (http://localhost:7777/node_modules/.vite/deps/element-plus.js?v=dc0701a7:10179:14)
    at callWithErrorHandling (http://localhost:7777/node_modules/.vite/deps/chunk-FT3SB2S6.js?v=dc0701a7:2377:19)
    at callWithAsyncErrorHandling (http://localhost:7777/node_modules/.vite/deps/chunk-FT3SB2S6.js?v=dc0701a7:2384:17)
    at baseWatchOptions.call (http://localhost:7777/node_modules/.vite/deps/chunk-FT3SB2S6.js?v=dc0701a7:3071:47)
    at job (http://localhost:7777/node_modules/.vite/deps/chunk-FT3SB2S6.js?v=dc0701a7:2107:18)
    at watch (http://localhost:7777/node_modules/.vite/deps/chunk-FT3SB2S6.js?v=dc0701a7:2142:7)
    at doWatch (http://localhost:7777/node_modules/.vite/deps/chunk-FT3SB2S6.js?v=dc0701a7:3099:23)
    at watch2 (http://localhost:7777/node_modules/.vite/deps/chunk-FT3SB2S6.js?v=dc0701a7:3032:10)
    at useDeprecated (http://localhost:7777/node_modules/.vite/deps/element-plus.js?v=dc0701a7:10178:3) @ http://localhost:7777/node_modules/.vite/deps/element-plus.js?v=dc0701a7:9085
[  672482ms] [WARNING] ElementPlusError: [el-checkbox] [API] label act as value is about to be deprecated in version 3.0.0, please use value instead.
For more detail, please visit: https://element-plus.org/en-US/component/checkbox.html

    at debugWarn (http://localhost:7777/node_modules/.vite/deps/element-plus.js?v=dc0701a7:9085:37)
    at watch.immediate (http://localhost:7777/node_modules/.vite/deps/element-plus.js?v=dc0701a7:10179:14)
    at callWithErrorHandling (http://localhost:7777/node_modules/.vite/deps/chunk-FT3SB2S6.js?v=dc0701a7:2377:19)
    at callWithAsyncErrorHandling (http://localhost:7777/node_modules/.vite/deps/chunk-FT3SB2S6.js?v=dc0701a7:2384:17)
    at baseWatchOptions.call (http://localhost:7777/node_modules/.vite/deps/chunk-FT3SB2S6.js?v=dc0701a7:3071:47)
    at job (http://localhost:7777/node_modules/.vite/deps/chunk-FT3SB2S6.js?v=dc0701a7:2107:18)
    at watch (http://localhost:7777/node_modules/.vite/deps/chunk-FT3SB2S6.js?v=dc0701a7:2142:7)
    at doWatch (http://localhost:7777/node_modules/.vite/deps/chunk-FT3SB2S6.js?v=dc0701a7:3099:23)
    at watch2 (http://localhost:7777/node_modules/.vite/deps/chunk-FT3SB2S6.js?v=dc0701a7:3032:10)
    at useDeprecated (http://localhost:7777/node_modules/.vite/deps/element-plus.js?v=dc0701a7:10178:3) @ http://localhost:7777/node_modules/.vite/deps/element-plus.js?v=dc0701a7:9085
[  672482ms] [WARNING] ElementPlusError: [el-checkbox] [API] label act as value is about to be deprecated in version 3.0.0, please use value instead.
For more detail, please visit: https://element-plus.org/en-US/component/checkbox.html

    at debugWarn (http://localhost:7777/node_modules/.vite/deps/element-plus.js?v=dc0701a7:9085:37)
    at watch.immediate (http://localhost:7777/node_modules/.vite/deps/element-plus.js?v=dc0701a7:10179:14)
    at callWithErrorHandling (http://localhost:7777/node_modules/.vite/deps/chunk-FT3SB2S6.js?v=dc0701a7:2377:19)
    at callWithAsyncErrorHandling (http://localhost:7777/node_modules/.vite/deps/chunk-FT3SB2S6.js?v=dc0701a7:2384:17)
    at baseWatchOptions.call (http://localhost:7777/node_modules/.vite/deps/chunk-FT3SB2S6.js?v=dc0701a7:3071:47)
    at job (http://localhost:7777/node_modules/.vite/deps/chunk-FT3SB2S6.js?v=dc0701a7:2107:18)
    at watch (http://localhost:7777/node_modules/.vite/deps/chunk-FT3SB2S6.js?v=dc0701a7:2142:7)
    at doWatch (http://localhost:7777/node_modules/.vite/deps/chunk-FT3SB2S6.js?v=dc0701a7:3099:23)
    at watch2 (http://localhost:7777/node_modules/.vite/deps/chunk-FT3SB2S6.js?v=dc0701a7:3032:10)
    at useDeprecated (http://localhost:7777/node_modules/.vite/deps/element-plus.js?v=dc0701a7:10178:3) @ http://localhost:7777/node_modules/.vite/deps/element-plus.js?v=dc0701a7:9085
[  672482ms] [WARNING] ElementPlusError: [el-checkbox] [API] label act as value is about to be deprecated in version 3.0.0, please use value instead.
For more detail, please visit: https://element-plus.org/en-US/component/checkbox.html

    at debugWarn (http://localhost:7777/node_modules/.vite/deps/element-plus.js?v=dc0701a7:9085:37)
    at watch.immediate (http://localhost:7777/node_modules/.vite/deps/element-plus.js?v=dc0701a7:10179:14)
    at callWithErrorHandling (http://localhost:7777/node_modules/.vite/deps/chunk-FT3SB2S6.js?v=dc0701a7:2377:19)
    at callWithAsyncErrorHandling (http://localhost:7777/node_modules/.vite/deps/chunk-FT3SB2S6.js?v=dc0701a7:2384:17)
    at baseWatchOptions.call (http://localhost:7777/node_modules/.vite/deps/chunk-FT3SB2S6.js?v=dc0701a7:3071:47)
    at job (http://localhost:7777/node_modules/.vite/deps/chunk-FT3SB2S6.js?v=dc0701a7:2107:18)
    at watch (http://localhost:7777/node_modules/.vite/deps/chunk-FT3SB2S6.js?v=dc0701a7:2142:7)
    at doWatch (http://localhost:7777/node_modules/.vite/deps/chunk-FT3SB2S6.js?v=dc0701a7:3099:23)
    at watch2 (http://localhost:7777/node_modules/.vite/deps/chunk-FT3SB2S6.js?v=dc0701a7:3032:10)
    at useDeprecated (http://localhost:7777/node_modules/.vite/deps/element-plus.js?v=dc0701a7:10178:3) @ http://localhost:7777/node_modules/.vite/deps/element-plus.js?v=dc0701a7:9085
[  672483ms] [WARNING] ElementPlusError: [el-checkbox] [API] label act as value is about to be deprecated in version 3.0.0, please use value instead.
For more detail, please visit: https://element-plus.org/en-US/component/checkbox.html

    at debugWarn (http://localhost:7777/node_modules/.vite/deps/element-plus.js?v=dc0701a7:9085:37)
    at watch.immediate (http://localhost:7777/node_modules/.vite/deps/element-plus.js?v=dc0701a7:10179:14)
    at callWithErrorHandling (http://localhost:7777/node_modules/.vite/deps/chunk-FT3SB2S6.js?v=dc0701a7:2377:19)
    at callWithAsyncErrorHandling (http://localhost:7777/node_modules/.vite/deps/chunk-FT3SB2S6.js?v=dc0701a7:2384:17)
    at baseWatchOptions.call (http://localhost:7777/node_modules/.vite/deps/chunk-FT3SB2S6.js?v=dc0701a7:3071:47)
    at job (http://localhost:7777/node_modules/.vite/deps/chunk-FT3SB2S6.js?v=dc0701a7:2107:18)
    at watch (http://localhost:7777/node_modules/.vite/deps/chunk-FT3SB2S6.js?v=dc0701a7:2142:7)
    at doWatch (http://localhost:7777/node_modules/.vite/deps/chunk-FT3SB2S6.js?v=dc0701a7:3099:23)
    at watch2 (http://localhost:7777/node_modules/.vite/deps/chunk-FT3SB2S6.js?v=dc0701a7:3032:10)
    at useDeprecated (http://localhost:7777/node_modules/.vite/deps/element-plus.js?v=dc0701a7:10178:3) @ http://localhost:7777/node_modules/.vite/deps/element-plus.js?v=dc0701a7:9085
[  672483ms] [WARNING] ElementPlusError: [el-checkbox] [API] label act as value is about to be deprecated in version 3.0.0, please use value instead.
For more detail, please visit: https://element-plus.org/en-US/component/checkbox.html

    at debugWarn (http://localhost:7777/node_modules/.vite/deps/element-plus.js?v=dc0701a7:9085:37)
    at watch.immediate (http://localhost:7777/node_modules/.vite/deps/element-plus.js?v=dc0701a7:10179:14)
    at callWithErrorHandling (http://localhost:7777/node_modules/.vite/deps/chunk-FT3SB2S6.js?v=dc0701a7:2377:19)
    at callWithAsyncErrorHandling (http://localhost:7777/node_modules/.vite/deps/chunk-FT3SB2S6.js?v=dc0701a7:2384:17)
    at baseWatchOptions.call (http://localhost:7777/node_modules/.vite/deps/chunk-FT3SB2S6.js?v=dc0701a7:3071:47)
    at job (http://localhost:7777/node_modules/.vite/deps/chunk-FT3SB2S6.js?v=dc0701a7:2107:18)
    at watch (http://localhost:7777/node_modules/.vite/deps/chunk-FT3SB2S6.js?v=dc0701a7:2142:7)
    at doWatch (http://localhost:7777/node_modules/.vite/deps/chunk-FT3SB2S6.js?v=dc0701a7:3099:23)
    at watch2 (http://localhost:7777/node_modules/.vite/deps/chunk-FT3SB2S6.js?v=dc0701a7:3032:10)
    at useDeprecated (http://localhost:7777/node_modules/.vite/deps/element-plus.js?v=dc0701a7:10178:3) @ http://localhost:7777/node_modules/.vite/deps/element-plus.js?v=dc0701a7:9085
[  672483ms] [WARNING] ElementPlusError: [el-checkbox] [API] label act as value is about to be deprecated in version 3.0.0, please use value instead.
For more detail, please visit: https://element-plus.org/en-US/component/checkbox.html

    at debugWarn (http://localhost:7777/node_modules/.vite/deps/element-plus.js?v=dc0701a7:9085:37)
    at watch.immediate (http://localhost:7777/node_modules/.vite/deps/element-plus.js?v=dc0701a7:10179:14)
    at callWithErrorHandling (http://localhost:7777/node_modules/.vite/deps/chunk-FT3SB2S6.js?v=dc0701a7:2377:19)
    at callWithAsyncErrorHandling (http://localhost:7777/node_modules/.vite/deps/chunk-FT3SB2S6.js?v=dc0701a7:2384:17)
    at baseWatchOptions.call (http://localhost:7777/node_modules/.vite/deps/chunk-FT3SB2S6.js?v=dc0701a7:3071:47)
    at job (http://localhost:7777/node_modules/.vite/deps/chunk-FT3SB2S6.js?v=dc0701a7:2107:18)
    at watch (http://localhost:7777/node_modules/.vite/deps/chunk-FT3SB2S6.js?v=dc0701a7:2142:7)
    at doWatch (http://localhost:7777/node_modules/.vite/deps/chunk-FT3SB2S6.js?v=dc0701a7:3099:23)
    at watch2 (http://localhost:7777/node_modules/.vite/deps/chunk-FT3SB2S6.js?v=dc0701a7:3032:10)
    at useDeprecated (http://localhost:7777/node_modules/.vite/deps/element-plus.js?v=dc0701a7:10178:3) @ http://localhost:7777/node_modules/.vite/deps/element-plus.js?v=dc0701a7:9085
[  672483ms] [WARNING] ElementPlusError: [el-checkbox] [API] label act as value is about to be deprecated in version 3.0.0, please use value instead.
For more detail, please visit: https://element-plus.org/en-US/component/checkbox.html

    at debugWarn (http://localhost:7777/node_modules/.vite/deps/element-plus.js?v=dc0701a7:9085:37)
    at watch.immediate (http://localhost:7777/node_modules/.vite/deps/element-plus.js?v=dc0701a7:10179:14)
    at callWithErrorHandling (http://localhost:7777/node_modules/.vite/deps/chunk-FT3SB2S6.js?v=dc0701a7:2377:19)
    at callWithAsyncErrorHandling (http://localhost:7777/node_modules/.vite/deps/chunk-FT3SB2S6.js?v=dc0701a7:2384:17)
    at baseWatchOptions.call (http://localhost:7777/node_modules/.vite/deps/chunk-FT3SB2S6.js?v=dc0701a7:3071:47)
    at job (http://localhost:7777/node_modules/.vite/deps/chunk-FT3SB2S6.js?v=dc0701a7:2107:18)
    at watch (http://localhost:7777/node_modules/.vite/deps/chunk-FT3SB2S6.js?v=dc0701a7:2142:7)
    at doWatch (http://localhost:7777/node_modules/.vite/deps/chunk-FT3SB2S6.js?v=dc0701a7:3099:23)
    at watch2 (http://localhost:7777/node_modules/.vite/deps/chunk-FT3SB2S6.js?v=dc0701a7:3032:10)
    at useDeprecated (http://localhost:7777/node_modules/.vite/deps/element-plus.js?v=dc0701a7:10178:3) @ http://localhost:7777/node_modules/.vite/deps/element-plus.js?v=dc0701a7:9085
[  672483ms] [WARNING] ElementPlusError: [el-checkbox] [API] label act as value is about to be deprecated in version 3.0.0, please use value instead.
For more detail, please visit: https://element-plus.org/en-US/component/checkbox.html

    at debugWarn (http://localhost:7777/node_modules/.vite/deps/element-plus.js?v=dc0701a7:9085:37)
    at watch.immediate (http://localhost:7777/node_modules/.vite/deps/element-plus.js?v=dc0701a7:10179:14)
    at callWithErrorHandling (http://localhost:7777/node_modules/.vite/deps/chunk-FT3SB2S6.js?v=dc0701a7:2377:19)
    at callWithAsyncErrorHandling (http://localhost:7777/node_modules/.vite/deps/chunk-FT3SB2S6.js?v=dc0701a7:2384:17)
    at baseWatchOptions.call (http://localhost:7777/node_modules/.vite/deps/chunk-FT3SB2S6.js?v=dc0701a7:3071:47)
    at job (http://localhost:7777/node_modules/.vite/deps/chunk-FT3SB2S6.js?v=dc0701a7:2107:18)
    at watch (http://localhost:7777/node_modules/.vite/deps/chunk-FT3SB2S6.js?v=dc0701a7:2142:7)
    at doWatch (http://localhost:7777/node_modules/.vite/deps/chunk-FT3SB2S6.js?v=dc0701a7:3099:23)
    at watch2 (http://localhost:7777/node_modules/.vite/deps/chunk-FT3SB2S6.js?v=dc0701a7:3032:10)
    at useDeprecated (http://localhost:7777/node_modules/.vite/deps/element-plus.js?v=dc0701a7:10178:3) @ http://localhost:7777/node_modules/.vite/deps/element-plus.js?v=dc0701a7:9085
[  672483ms] [WARNING] ElementPlusError: [el-checkbox] [API] label act as value is about to be deprecated in version 3.0.0, please use value instead.
For more detail, please visit: https://element-plus.org/en-US/component/checkbox.html

    at debugWarn (http://localhost:7777/node_modules/.vite/deps/element-plus.js?v=dc0701a7:9085:37)
    at watch.immediate (http://localhost:7777/node_modules/.vite/deps/element-plus.js?v=dc0701a7:10179:14)
    at callWithErrorHandling (http://localhost:7777/node_modules/.vite/deps/chunk-FT3SB2S6.js?v=dc0701a7:2377:19)
    at callWithAsyncErrorHandling (http://localhost:7777/node_modules/.vite/deps/chunk-FT3SB2S6.js?v=dc0701a7:2384:17)
    at baseWatchOptions.call (http://localhost:7777/node_modules/.vite/deps/chunk-FT3SB2S6.js?v=dc0701a7:3071:47)
    at job (http://localhost:7777/node_modules/.vite/deps/chunk-FT3SB2S6.js?v=dc0701a7:2107:18)
    at watch (http://localhost:7777/node_modules/.vite/deps/chunk-FT3SB2S6.js?v=dc0701a7:2142:7)
    at doWatch (http://localhost:7777/node_modules/.vite/deps/chunk-FT3SB2S6.js?v=dc0701a7:3099:23)
    at watch2 (http://localhost:7777/node_modules/.vite/deps/chunk-FT3SB2S6.js?v=dc0701a7:3032:10)
    at useDeprecated (http://localhost:7777/node_modules/.vite/deps/element-plus.js?v=dc0701a7:10178:3) @ http://localhost:7777/node_modules/.vite/deps/element-plus.js?v=dc0701a7:9085
[  672483ms] [WARNING] ElementPlusError: [el-checkbox] [API] label act as value is about to be deprecated in version 3.0.0, please use value instead.
For more detail, please visit: https://element-plus.org/en-US/component/checkbox.html

    at debugWarn (http://localhost:7777/node_modules/.vite/deps/element-plus.js?v=dc0701a7:9085:37)
    at watch.immediate (http://localhost:7777/node_modules/.vite/deps/element-plus.js?v=dc0701a7:10179:14)
    at callWithErrorHandling (http://localhost:7777/node_modules/.vite/deps/chunk-FT3SB2S6.js?v=dc0701a7:2377:19)
    at callWithAsyncErrorHandling (http://localhost:7777/node_modules/.vite/deps/chunk-FT3SB2S6.js?v=dc0701a7:2384:17)
    at baseWatchOptions.call (http://localhost:7777/node_modules/.vite/deps/chunk-FT3SB2S6.js?v=dc0701a7:3071:47)
    at job (http://localhost:7777/node_modules/.vite/deps/chunk-FT3SB2S6.js?v=dc0701a7:2107:18)
    at watch (http://localhost:7777/node_modules/.vite/deps/chunk-FT3SB2S6.js?v=dc0701a7:2142:7)
    at doWatch (http://localhost:7777/node_modules/.vite/deps/chunk-FT3SB2S6.js?v=dc0701a7:3099:23)
    at watch2 (http://localhost:7777/node_modules/.vite/deps/chunk-FT3SB2S6.js?v=dc0701a7:3032:10)
    at useDeprecated (http://localhost:7777/node_modules/.vite/deps/element-plus.js?v=dc0701a7:10178:3) @ http://localhost:7777/node_modules/.vite/deps/element-plus.js?v=dc0701a7:9085
[  672484ms] [WARNING] ElementPlusError: [el-checkbox] [API] label act as value is about to be deprecated in version 3.0.0, please use value instead.
For more detail, please visit: https://element-plus.org/en-US/component/checkbox.html

    at debugWarn (http://localhost:7777/node_modules/.vite/deps/element-plus.js?v=dc0701a7:9085:37)
    at watch.immediate (http://localhost:7777/node_modules/.vite/deps/element-plus.js?v=dc0701a7:10179:14)
    at callWithErrorHandling (http://localhost:7777/node_modules/.vite/deps/chunk-FT3SB2S6.js?v=dc0701a7:2377:19)
    at callWithAsyncErrorHandling (http://localhost:7777/node_modules/.vite/deps/chunk-FT3SB2S6.js?v=dc0701a7:2384:17)
    at baseWatchOptions.call (http://localhost:7777/node_modules/.vite/deps/chunk-FT3SB2S6.js?v=dc0701a7:3071:47)
    at job (http://localhost:7777/node_modules/.vite/deps/chunk-FT3SB2S6.js?v=dc0701a7:2107:18)
    at watch (http://localhost:7777/node_modules/.vite/deps/chunk-FT3SB2S6.js?v=dc0701a7:2142:7)
    at doWatch (http://localhost:7777/node_modules/.vite/deps/chunk-FT3SB2S6.js?v=dc0701a7:3099:23)
    at watch2 (http://localhost:7777/node_modules/.vite/deps/chunk-FT3SB2S6.js?v=dc0701a7:3032:10)
    at useDeprecated (http://localhost:7777/node_modules/.vite/deps/element-plus.js?v=dc0701a7:10178:3) @ http://localhost:7777/node_modules/.vite/deps/element-plus.js?v=dc0701a7:9085
[  672484ms] [WARNING] ElementPlusError: [el-checkbox] [API] label act as value is about to be deprecated in version 3.0.0, please use value instead.
For more detail, please visit: https://element-plus.org/en-US/component/checkbox.html

    at debugWarn (http://localhost:7777/node_modules/.vite/deps/element-plus.js?v=dc0701a7:9085:37)
    at watch.immediate (http://localhost:7777/node_modules/.vite/deps/element-plus.js?v=dc0701a7:10179:14)
    at callWithErrorHandling (http://localhost:7777/node_modules/.vite/deps/chunk-FT3SB2S6.js?v=dc0701a7:2377:19)
    at callWithAsyncErrorHandling (http://localhost:7777/node_modules/.vite/deps/chunk-FT3SB2S6.js?v=dc0701a7:2384:17)
    at baseWatchOptions.call (http://localhost:7777/node_modules/.vite/deps/chunk-FT3SB2S6.js?v=dc0701a7:3071:47)
    at job (http://localhost:7777/node_modules/.vite/deps/chunk-FT3SB2S6.js?v=dc0701a7:2107:18)
    at watch (http://localhost:7777/node_modules/.vite/deps/chunk-FT3SB2S6.js?v=dc0701a7:2142:7)
    at doWatch (http://localhost:7777/node_modules/.vite/deps/chunk-FT3SB2S6.js?v=dc0701a7:3099:23)
    at watch2 (http://localhost:7777/node_modules/.vite/deps/chunk-FT3SB2S6.js?v=dc0701a7:3032:10)
    at useDeprecated (http://localhost:7777/node_modules/.vite/deps/element-plus.js?v=dc0701a7:10178:3) @ http://localhost:7777/node_modules/.vite/deps/element-plus.js?v=dc0701a7:9085
[  672484ms] [WARNING] ElementPlusError: [el-checkbox] [API] label act as value is about to be deprecated in version 3.0.0, please use value instead.
For more detail, please visit: https://element-plus.org/en-US/component/checkbox.html

    at debugWarn (http://localhost:7777/node_modules/.vite/deps/element-plus.js?v=dc0701a7:9085:37)
    at watch.immediate (http://localhost:7777/node_modules/.vite/deps/element-plus.js?v=dc0701a7:10179:14)
    at callWithErrorHandling (http://localhost:7777/node_modules/.vite/deps/chunk-FT3SB2S6.js?v=dc0701a7:2377:19)
    at callWithAsyncErrorHandling (http://localhost:7777/node_modules/.vite/deps/chunk-FT3SB2S6.js?v=dc0701a7:2384:17)
    at baseWatchOptions.call (http://localhost:7777/node_modules/.vite/deps/chunk-FT3SB2S6.js?v=dc0701a7:3071:47)
    at job (http://localhost:7777/node_modules/.vite/deps/chunk-FT3SB2S6.js?v=dc0701a7:2107:18)
    at watch (http://localhost:7777/node_modules/.vite/deps/chunk-FT3SB2S6.js?v=dc0701a7:2142:7)
    at doWatch (http://localhost:7777/node_modules/.vite/deps/chunk-FT3SB2S6.js?v=dc0701a7:3099:23)
    at watch2 (http://localhost:7777/node_modules/.vite/deps/chunk-FT3SB2S6.js?v=dc0701a7:3032:10)
    at useDeprecated (http://localhost:7777/node_modules/.vite/deps/element-plus.js?v=dc0701a7:10178:3) @ http://localhost:7777/node_modules/.vite/deps/element-plus.js?v=dc0701a7:9085
[  672484ms] [WARNING] ElementPlusError: [el-checkbox] [API] label act as value is about to be deprecated in version 3.0.0, please use value instead.
For more detail, please visit: https://element-plus.org/en-US/component/checkbox.html

    at debugWarn (http://localhost:7777/node_modules/.vite/deps/element-plus.js?v=dc0701a7:9085:37)
    at watch.immediate (http://localhost:7777/node_modules/.vite/deps/element-plus.js?v=dc0701a7:10179:14)
    at callWithErrorHandling (http://localhost:7777/node_modules/.vite/deps/chunk-FT3SB2S6.js?v=dc0701a7:2377:19)
    at callWithAsyncErrorHandling (http://localhost:7777/node_modules/.vite/deps/chunk-FT3SB2S6.js?v=dc0701a7:2384:17)
    at baseWatchOptions.call (http://localhost:7777/node_modules/.vite/deps/chunk-FT3SB2S6.js?v=dc0701a7:3071:47)
    at job (http://localhost:7777/node_modules/.vite/deps/chunk-FT3SB2S6.js?v=dc0701a7:2107:18)
    at watch (http://localhost:7777/node_modules/.vite/deps/chunk-FT3SB2S6.js?v=dc0701a7:2142:7)
    at doWatch (http://localhost:7777/node_modules/.vite/deps/chunk-FT3SB2S6.js?v=dc0701a7:3099:23)
    at watch2 (http://localhost:7777/node_modules/.vite/deps/chunk-FT3SB2S6.js?v=dc0701a7:3032:10)
    at useDeprecated (http://localhost:7777/node_modules/.vite/deps/element-plus.js?v=dc0701a7:10178:3) @ http://localhost:7777/node_modules/.vite/deps/element-plus.js?v=dc0701a7:9085
[  672484ms] [WARNING] ElementPlusError: [el-checkbox] [API] label act as value is about to be deprecated in version 3.0.0, please use value instead.
For more detail, please visit: https://element-plus.org/en-US/component/checkbox.html

    at debugWarn (http://localhost:7777/node_modules/.vite/deps/element-plus.js?v=dc0701a7:9085:37)
    at watch.immediate (http://localhost:7777/node_modules/.vite/deps/element-plus.js?v=dc0701a7:10179:14)
    at callWithErrorHandling (http://localhost:7777/node_modules/.vite/deps/chunk-FT3SB2S6.js?v=dc0701a7:2377:19)
    at callWithAsyncErrorHandling (http://localhost:7777/node_modules/.vite/deps/chunk-FT3SB2S6.js?v=dc0701a7:2384:17)
    at baseWatchOptions.call (http://localhost:7777/node_modules/.vite/deps/chunk-FT3SB2S6.js?v=dc0701a7:3071:47)
    at job (http://localhost:7777/node_modules/.vite/deps/chunk-FT3SB2S6.js?v=dc0701a7:2107:18)
    at watch (http://localhost:7777/node_modules/.vite/deps/chunk-FT3SB2S6.js?v=dc0701a7:2142:7)
    at doWatch (http://localhost:7777/node_modules/.vite/deps/chunk-FT3SB2S6.js?v=dc0701a7:3099:23)
    at watch2 (http://localhost:7777/node_modules/.vite/deps/chunk-FT3SB2S6.js?v=dc0701a7:3032:10)
    at useDeprecated (http://localhost:7777/node_modules/.vite/deps/element-plus.js?v=dc0701a7:10178:3) @ http://localhost:7777/node_modules/.vite/deps/element-plus.js?v=dc0701a7:9085
[  672484ms] [WARNING] ElementPlusError: [el-checkbox] [API] label act as value is about to be deprecated in version 3.0.0, please use value instead.
For more detail, please visit: https://element-plus.org/en-US/component/checkbox.html

    at debugWarn (http://localhost:7777/node_modules/.vite/deps/element-plus.js?v=dc0701a7:9085:37)
    at watch.immediate (http://localhost:7777/node_modules/.vite/deps/element-plus.js?v=dc0701a7:10179:14)
    at callWithErrorHandling (http://localhost:7777/node_modules/.vite/deps/chunk-FT3SB2S6.js?v=dc0701a7:2377:19)
    at callWithAsyncErrorHandling (http://localhost:7777/node_modules/.vite/deps/chunk-FT3SB2S6.js?v=dc0701a7:2384:17)
    at baseWatchOptions.call (http://localhost:7777/node_modules/.vite/deps/chunk-FT3SB2S6.js?v=dc0701a7:3071:47)
    at job (http://localhost:7777/node_modules/.vite/deps/chunk-FT3SB2S6.js?v=dc0701a7:2107:18)
    at watch (http://localhost:7777/node_modules/.vite/deps/chunk-FT3SB2S6.js?v=dc0701a7:2142:7)
    at doWatch (http://localhost:7777/node_modules/.vite/deps/chunk-FT3SB2S6.js?v=dc0701a7:3099:23)
    at watch2 (http://localhost:7777/node_modules/.vite/deps/chunk-FT3SB2S6.js?v=dc0701a7:3032:10)
    at useDeprecated (http://localhost:7777/node_modules/.vite/deps/element-plus.js?v=dc0701a7:10178:3) @ http://localhost:7777/node_modules/.vite/deps/element-plus.js?v=dc0701a7:9085
[  672485ms] [WARNING] ElementPlusError: [el-checkbox] [API] label act as value is about to be deprecated in version 3.0.0, please use value instead.
For more detail, please visit: https://element-plus.org/en-US/component/checkbox.html

    at debugWarn (http://localhost:7777/node_modules/.vite/deps/element-plus.js?v=dc0701a7:9085:37)
    at watch.immediate (http://localhost:7777/node_modules/.vite/deps/element-plus.js?v=dc0701a7:10179:14)
    at callWithErrorHandling (http://localhost:7777/node_modules/.vite/deps/chunk-FT3SB2S6.js?v=dc0701a7:2377:19)
    at callWithAsyncErrorHandling (http://localhost:7777/node_modules/.vite/deps/chunk-FT3SB2S6.js?v=dc0701a7:2384:17)
    at baseWatchOptions.call (http://localhost:7777/node_modules/.vite/deps/chunk-FT3SB2S6.js?v=dc0701a7:3071:47)
    at job (http://localhost:7777/node_modules/.vite/deps/chunk-FT3SB2S6.js?v=dc0701a7:2107:18)
    at watch (http://localhost:7777/node_modules/.vite/deps/chunk-FT3SB2S6.js?v=dc0701a7:2142:7)
    at doWatch (http://localhost:7777/node_modules/.vite/deps/chunk-FT3SB2S6.js?v=dc0701a7:3099:23)
    at watch2 (http://localhost:7777/node_modules/.vite/deps/chunk-FT3SB2S6.js?v=dc0701a7:3032:10)
    at useDeprecated (http://localhost:7777/node_modules/.vite/deps/element-plus.js?v=dc0701a7:10178:3) @ http://localhost:7777/node_modules/.vite/deps/element-plus.js?v=dc0701a7:9085
[  672485ms] [WARNING] ElementPlusError: [el-checkbox] [API] label act as value is about to be deprecated in version 3.0.0, please use value instead.
For more detail, please visit: https://element-plus.org/en-US/component/checkbox.html

    at debugWarn (http://localhost:7777/node_modules/.vite/deps/element-plus.js?v=dc0701a7:9085:37)
    at watch.immediate (http://localhost:7777/node_modules/.vite/deps/element-plus.js?v=dc0701a7:10179:14)
    at callWithErrorHandling (http://localhost:7777/node_modules/.vite/deps/chunk-FT3SB2S6.js?v=dc0701a7:2377:19)
    at callWithAsyncErrorHandling (http://localhost:7777/node_modules/.vite/deps/chunk-FT3SB2S6.js?v=dc0701a7:2384:17)
    at baseWatchOptions.call (http://localhost:7777/node_modules/.vite/deps/chunk-FT3SB2S6.js?v=dc0701a7:3071:47)
    at job (http://localhost:7777/node_modules/.vite/deps/chunk-FT3SB2S6.js?v=dc0701a7:2107:18)
    at watch (http://localhost:7777/node_modules/.vite/deps/chunk-FT3SB2S6.js?v=dc0701a7:2142:7)
    at doWatch (http://localhost:7777/node_modules/.vite/deps/chunk-FT3SB2S6.js?v=dc0701a7:3099:23)
    at watch2 (http://localhost:7777/node_modules/.vite/deps/chunk-FT3SB2S6.js?v=dc0701a7:3032:10)
    at useDeprecated (http://localhost:7777/node_modules/.vite/deps/element-plus.js?v=dc0701a7:10178:3) @ http://localhost:7777/node_modules/.vite/deps/element-plus.js?v=dc0701a7:9085
[  672485ms] [WARNING] ElementPlusError: [el-checkbox] [API] label act as value is about to be deprecated in version 3.0.0, please use value instead.
For more detail, please visit: https://element-plus.org/en-US/component/checkbox.html

    at debugWarn (http://localhost:7777/node_modules/.vite/deps/element-plus.js?v=dc0701a7:9085:37)
    at watch.immediate (http://localhost:7777/node_modules/.vite/deps/element-plus.js?v=dc0701a7:10179:14)
    at callWithErrorHandling (http://localhost:7777/node_modules/.vite/deps/chunk-FT3SB2S6.js?v=dc0701a7:2377:19)
    at callWithAsyncErrorHandling (http://localhost:7777/node_modules/.vite/deps/chunk-FT3SB2S6.js?v=dc0701a7:2384:17)
    at baseWatchOptions.call (http://localhost:7777/node_modules/.vite/deps/chunk-FT3SB2S6.js?v=dc0701a7:3071:47)
    at job (http://localhost:7777/node_modules/.vite/deps/chunk-FT3SB2S6.js?v=dc0701a7:2107:18)
    at watch (http://localhost:7777/node_modules/.vite/deps/chunk-FT3SB2S6.js?v=dc0701a7:2142:7)
    at doWatch (http://localhost:7777/node_modules/.vite/deps/chunk-FT3SB2S6.js?v=dc0701a7:3099:23)
    at watch2 (http://localhost:7777/node_modules/.vite/deps/chunk-FT3SB2S6.js?v=dc0701a7:3032:10)
    at useDeprecated (http://localhost:7777/node_modules/.vite/deps/element-plus.js?v=dc0701a7:10178:3) @ http://localhost:7777/node_modules/.vite/deps/element-plus.js?v=dc0701a7:9085
[  672485ms] [WARNING] ElementPlusError: [el-checkbox] [API] label act as value is about to be deprecated in version 3.0.0, please use value instead.
For more detail, please visit: https://element-plus.org/en-US/component/checkbox.html

    at debugWarn (http://localhost:7777/node_modules/.vite/deps/element-plus.js?v=dc0701a7:9085:37)
    at watch.immediate (http://localhost:7777/node_modules/.vite/deps/element-plus.js?v=dc0701a7:10179:14)
    at callWithErrorHandling (http://localhost:7777/node_modules/.vite/deps/chunk-FT3SB2S6.js?v=dc0701a7:2377:19)
    at callWithAsyncErrorHandling (http://localhost:7777/node_modules/.vite/deps/chunk-FT3SB2S6.js?v=dc0701a7:2384:17)
    at baseWatchOptions.call (http://localhost:7777/node_modules/.vite/deps/chunk-FT3SB2S6.js?v=dc0701a7:3071:47)
    at job (http://localhost:7777/node_modules/.vite/deps/chunk-FT3SB2S6.js?v=dc0701a7:2107:18)
    at watch (http://localhost:7777/node_modules/.vite/deps/chunk-FT3SB2S6.js?v=dc0701a7:2142:7)
    at doWatch (http://localhost:7777/node_modules/.vite/deps/chunk-FT3SB2S6.js?v=dc0701a7:3099:23)
    at watch2 (http://localhost:7777/node_modules/.vite/deps/chunk-FT3SB2S6.js?v=dc0701a7:3032:10)
    at useDeprecated (http://localhost:7777/node_modules/.vite/deps/element-plus.js?v=dc0701a7:10178:3) @ http://localhost:7777/node_modules/.vite/deps/element-plus.js?v=dc0701a7:9085
[  672485ms] [WARNING] ElementPlusError: [el-checkbox] [API] label act as value is about to be deprecated in version 3.0.0, please use value instead.
For more detail, please visit: https://element-plus.org/en-US/component/checkbox.html

    at debugWarn (http://localhost:7777/node_modules/.vite/deps/element-plus.js?v=dc0701a7:9085:37)
    at watch.immediate (http://localhost:7777/node_modules/.vite/deps/element-plus.js?v=dc0701a7:10179:14)
    at callWithErrorHandling (http://localhost:7777/node_modules/.vite/deps/chunk-FT3SB2S6.js?v=dc0701a7:2377:19)
    at callWithAsyncErrorHandling (http://localhost:7777/node_modules/.vite/deps/chunk-FT3SB2S6.js?v=dc0701a7:2384:17)
    at baseWatchOptions.call (http://localhost:7777/node_modules/.vite/deps/chunk-FT3SB2S6.js?v=dc0701a7:3071:47)
    at job (http://localhost:7777/node_modules/.vite/deps/chunk-FT3SB2S6.js?v=dc0701a7:2107:18)
    at watch (http://localhost:7777/node_modules/.vite/deps/chunk-FT3SB2S6.js?v=dc0701a7:2142:7)
    at doWatch (http://localhost:7777/node_modules/.vite/deps/chunk-FT3SB2S6.js?v=dc0701a7:3099:23)
    at watch2 (http://localhost:7777/node_modules/.vite/deps/chunk-FT3SB2S6.js?v=dc0701a7:3032:10)
    at useDeprecated (http://localhost:7777/node_modules/.vite/deps/element-plus.js?v=dc0701a7:10178:3) @ http://localhost:7777/node_modules/.vite/deps/element-plus.js?v=dc0701a7:9085
[  672485ms] [WARNING] ElementPlusError: [el-checkbox] [API] label act as value is about to be deprecated in version 3.0.0, please use value instead.
For more detail, please visit: https://element-plus.org/en-US/component/checkbox.html

    at debugWarn (http://localhost:7777/node_modules/.vite/deps/element-plus.js?v=dc0701a7:9085:37)
    at watch.immediate (http://localhost:7777/node_modules/.vite/deps/element-plus.js?v=dc0701a7:10179:14)
    at callWithErrorHandling (http://localhost:7777/node_modules/.vite/deps/chunk-FT3SB2S6.js?v=dc0701a7:2377:19)
    at callWithAsyncErrorHandling (http://localhost:7777/node_modules/.vite/deps/chunk-FT3SB2S6.js?v=dc0701a7:2384:17)
    at baseWatchOptions.call (http://localhost:7777/node_modules/.vite/deps/chunk-FT3SB2S6.js?v=dc0701a7:3071:47)
    at job (http://localhost:7777/node_modules/.vite/deps/chunk-FT3SB2S6.js?v=dc0701a7:2107:18)
    at watch (http://localhost:7777/node_modules/.vite/deps/chunk-FT3SB2S6.js?v=dc0701a7:2142:7)
    at doWatch (http://localhost:7777/node_modules/.vite/deps/chunk-FT3SB2S6.js?v=dc0701a7:3099:23)
    at watch2 (http://localhost:7777/node_modules/.vite/deps/chunk-FT3SB2S6.js?v=dc0701a7:3032:10)
    at useDeprecated (http://localhost:7777/node_modules/.vite/deps/element-plus.js?v=dc0701a7:10178:3) @ http://localhost:7777/node_modules/.vite/deps/element-plus.js?v=dc0701a7:9085
[  672486ms] [WARNING] ElementPlusError: [el-checkbox] [API] label act as value is about to be deprecated in version 3.0.0, please use value instead.
For more detail, please visit: https://element-plus.org/en-US/component/checkbox.html

    at debugWarn (http://localhost:7777/node_modules/.vite/deps/element-plus.js?v=dc0701a7:9085:37)
    at watch.immediate (http://localhost:7777/node_modules/.vite/deps/element-plus.js?v=dc0701a7:10179:14)
    at callWithErrorHandling (http://localhost:7777/node_modules/.vite/deps/chunk-FT3SB2S6.js?v=dc0701a7:2377:19)
    at callWithAsyncErrorHandling (http://localhost:7777/node_modules/.vite/deps/chunk-FT3SB2S6.js?v=dc0701a7:2384:17)
    at baseWatchOptions.call (http://localhost:7777/node_modules/.vite/deps/chunk-FT3SB2S6.js?v=dc0701a7:3071:47)
    at job (http://localhost:7777/node_modules/.vite/deps/chunk-FT3SB2S6.js?v=dc0701a7:2107:18)
    at watch (http://localhost:7777/node_modules/.vite/deps/chunk-FT3SB2S6.js?v=dc0701a7:2142:7)
    at doWatch (http://localhost:7777/node_modules/.vite/deps/chunk-FT3SB2S6.js?v=dc0701a7:3099:23)
    at watch2 (http://localhost:7777/node_modules/.vite/deps/chunk-FT3SB2S6.js?v=dc0701a7:3032:10)
    at useDeprecated (http://localhost:7777/node_modules/.vite/deps/element-plus.js?v=dc0701a7:10178:3) @ http://localhost:7777/node_modules/.vite/deps/element-plus.js?v=dc0701a7:9085
[  672486ms] [WARNING] ElementPlusError: [el-checkbox] [API] label act as value is about to be deprecated in version 3.0.0, please use value instead.
For more detail, please visit: https://element-plus.org/en-US/component/checkbox.html

    at debugWarn (http://localhost:7777/node_modules/.vite/deps/element-plus.js?v=dc0701a7:9085:37)
    at watch.immediate (http://localhost:7777/node_modules/.vite/deps/element-plus.js?v=dc0701a7:10179:14)
    at callWithErrorHandling (http://localhost:7777/node_modules/.vite/deps/chunk-FT3SB2S6.js?v=dc0701a7:2377:19)
    at callWithAsyncErrorHandling (http://localhost:7777/node_modules/.vite/deps/chunk-FT3SB2S6.js?v=dc0701a7:2384:17)
    at baseWatchOptions.call (http://localhost:7777/node_modules/.vite/deps/chunk-FT3SB2S6.js?v=dc0701a7:3071:47)
    at job (http://localhost:7777/node_modules/.vite/deps/chunk-FT3SB2S6.js?v=dc0701a7:2107:18)
    at watch (http://localhost:7777/node_modules/.vite/deps/chunk-FT3SB2S6.js?v=dc0701a7:2142:7)
    at doWatch (http://localhost:7777/node_modules/.vite/deps/chunk-FT3SB2S6.js?v=dc0701a7:3099:23)
    at watch2 (http://localhost:7777/node_modules/.vite/deps/chunk-FT3SB2S6.js?v=dc0701a7:3032:10)
    at useDeprecated (http://localhost:7777/node_modules/.vite/deps/element-plus.js?v=dc0701a7:10178:3) @ http://localhost:7777/node_modules/.vite/deps/element-plus.js?v=dc0701a7:9085
[  672486ms] [WARNING] ElementPlusError: [el-checkbox] [API] label act as value is about to be deprecated in version 3.0.0, please use value instead.
For more detail, please visit: https://element-plus.org/en-US/component/checkbox.html

    at debugWarn (http://localhost:7777/node_modules/.vite/deps/element-plus.js?v=dc0701a7:9085:37)
    at watch.immediate (http://localhost:7777/node_modules/.vite/deps/element-plus.js?v=dc0701a7:10179:14)
    at callWithErrorHandling (http://localhost:7777/node_modules/.vite/deps/chunk-FT3SB2S6.js?v=dc0701a7:2377:19)
    at callWithAsyncErrorHandling (http://localhost:7777/node_modules/.vite/deps/chunk-FT3SB2S6.js?v=dc0701a7:2384:17)
    at baseWatchOptions.call (http://localhost:7777/node_modules/.vite/deps/chunk-FT3SB2S6.js?v=dc0701a7:3071:47)
    at job (http://localhost:7777/node_modules/.vite/deps/chunk-FT3SB2S6.js?v=dc0701a7:2107:18)
    at watch (http://localhost:7777/node_modules/.vite/deps/chunk-FT3SB2S6.js?v=dc0701a7:2142:7)
    at doWatch (http://localhost:7777/node_modules/.vite/deps/chunk-FT3SB2S6.js?v=dc0701a7:3099:23)
    at watch2 (http://localhost:7777/node_modules/.vite/deps/chunk-FT3SB2S6.js?v=dc0701a7:3032:10)
    at useDeprecated (http://localhost:7777/node_modules/.vite/deps/element-plus.js?v=dc0701a7:10178:3) @ http://localhost:7777/node_modules/.vite/deps/element-plus.js?v=dc0701a7:9085
[  672486ms] [WARNING] ElementPlusError: [el-checkbox] [API] label act as value is about to be deprecated in version 3.0.0, please use value instead.
For more detail, please visit: https://element-plus.org/en-US/component/checkbox.html

    at debugWarn (http://localhost:7777/node_modules/.vite/deps/element-plus.js?v=dc0701a7:9085:37)
    at watch.immediate (http://localhost:7777/node_modules/.vite/deps/element-plus.js?v=dc0701a7:10179:14)
    at callWithErrorHandling (http://localhost:7777/node_modules/.vite/deps/chunk-FT3SB2S6.js?v=dc0701a7:2377:19)
    at callWithAsyncErrorHandling (http://localhost:7777/node_modules/.vite/deps/chunk-FT3SB2S6.js?v=dc0701a7:2384:17)
    at baseWatchOptions.call (http://localhost:7777/node_modules/.vite/deps/chunk-FT3SB2S6.js?v=dc0701a7:3071:47)
    at job (http://localhost:7777/node_modules/.vite/deps/chunk-FT3SB2S6.js?v=dc0701a7:2107:18)
    at watch (http://localhost:7777/node_modules/.vite/deps/chunk-FT3SB2S6.js?v=dc0701a7:2142:7)
    at doWatch (http://localhost:7777/node_modules/.vite/deps/chunk-FT3SB2S6.js?v=dc0701a7:3099:23)
    at watch2 (http://localhost:7777/node_modules/.vite/deps/chunk-FT3SB2S6.js?v=dc0701a7:3032:10)
    at useDeprecated (http://localhost:7777/node_modules/.vite/deps/element-plus.js?v=dc0701a7:10178:3) @ http://localhost:7777/node_modules/.vite/deps/element-plus.js?v=dc0701a7:9085
[  672486ms] [WARNING] ElementPlusError: [el-checkbox] [API] label act as value is about to be deprecated in version 3.0.0, please use value instead.
For more detail, please visit: https://element-plus.org/en-US/component/checkbox.html

    at debugWarn (http://localhost:7777/node_modules/.vite/deps/element-plus.js?v=dc0701a7:9085:37)
    at watch.immediate (http://localhost:7777/node_modules/.vite/deps/element-plus.js?v=dc0701a7:10179:14)
    at callWithErrorHandling (http://localhost:7777/node_modules/.vite/deps/chunk-FT3SB2S6.js?v=dc0701a7:2377:19)
    at callWithAsyncErrorHandling (http://localhost:7777/node_modules/.vite/deps/chunk-FT3SB2S6.js?v=dc0701a7:2384:17)
    at baseWatchOptions.call (http://localhost:7777/node_modules/.vite/deps/chunk-FT3SB2S6.js?v=dc0701a7:3071:47)
    at job (http://localhost:7777/node_modules/.vite/deps/chunk-FT3SB2S6.js?v=dc0701a7:2107:18)
    at watch (http://localhost:7777/node_modules/.vite/deps/chunk-FT3SB2S6.js?v=dc0701a7:2142:7)
    at doWatch (http://localhost:7777/node_modules/.vite/deps/chunk-FT3SB2S6.js?v=dc0701a7:3099:23)
    at watch2 (http://localhost:7777/node_modules/.vite/deps/chunk-FT3SB2S6.js?v=dc0701a7:3032:10)
    at useDeprecated (http://localhost:7777/node_modules/.vite/deps/element-plus.js?v=dc0701a7:10178:3) @ http://localhost:7777/node_modules/.vite/deps/element-plus.js?v=dc0701a7:9085
[  672486ms] [WARNING] ElementPlusError: [el-checkbox] [API] label act as value is about to be deprecated in version 3.0.0, please use value instead.
For more detail, please visit: https://element-plus.org/en-US/component/checkbox.html

    at debugWarn (http://localhost:7777/node_modules/.vite/deps/element-plus.js?v=dc0701a7:9085:37)
    at watch.immediate (http://localhost:7777/node_modules/.vite/deps/element-plus.js?v=dc0701a7:10179:14)
    at callWithErrorHandling (http://localhost:7777/node_modules/.vite/deps/chunk-FT3SB2S6.js?v=dc0701a7:2377:19)
    at callWithAsyncErrorHandling (http://localhost:7777/node_modules/.vite/deps/chunk-FT3SB2S6.js?v=dc0701a7:2384:17)
    at baseWatchOptions.call (http://localhost:7777/node_modules/.vite/deps/chunk-FT3SB2S6.js?v=dc0701a7:3071:47)
    at job (http://localhost:7777/node_modules/.vite/deps/chunk-FT3SB2S6.js?v=dc0701a7:2107:18)
    at watch (http://localhost:7777/node_modules/.vite/deps/chunk-FT3SB2S6.js?v=dc0701a7:2142:7)
    at doWatch (http://localhost:7777/node_modules/.vite/deps/chunk-FT3SB2S6.js?v=dc0701a7:3099:23)
    at watch2 (http://localhost:7777/node_modules/.vite/deps/chunk-FT3SB2S6.js?v=dc0701a7:3032:10)
    at useDeprecated (http://localhost:7777/node_modules/.vite/deps/element-plus.js?v=dc0701a7:10178:3) @ http://localhost:7777/node_modules/.vite/deps/element-plus.js?v=dc0701a7:9085
[  672487ms] [WARNING] ElementPlusError: [el-checkbox] [API] label act as value is about to be deprecated in version 3.0.0, please use value instead.
For more detail, please visit: https://element-plus.org/en-US/component/checkbox.html

    at debugWarn (http://localhost:7777/node_modules/.vite/deps/element-plus.js?v=dc0701a7:9085:37)
    at watch.immediate (http://localhost:7777/node_modules/.vite/deps/element-plus.js?v=dc0701a7:10179:14)
    at callWithErrorHandling (http://localhost:7777/node_modules/.vite/deps/chunk-FT3SB2S6.js?v=dc0701a7:2377:19)
    at callWithAsyncErrorHandling (http://localhost:7777/node_modules/.vite/deps/chunk-FT3SB2S6.js?v=dc0701a7:2384:17)
    at baseWatchOptions.call (http://localhost:7777/node_modules/.vite/deps/chunk-FT3SB2S6.js?v=dc0701a7:3071:47)
    at job (http://localhost:7777/node_modules/.vite/deps/chunk-FT3SB2S6.js?v=dc0701a7:2107:18)
    at watch (http://localhost:7777/node_modules/.vite/deps/chunk-FT3SB2S6.js?v=dc0701a7:2142:7)
    at doWatch (http://localhost:7777/node_modules/.vite/deps/chunk-FT3SB2S6.js?v=dc0701a7:3099:23)
    at watch2 (http://localhost:7777/node_modules/.vite/deps/chunk-FT3SB2S6.js?v=dc0701a7:3032:10)
    at useDeprecated (http://localhost:7777/node_modules/.vite/deps/element-plus.js?v=dc0701a7:10178:3) @ http://localhost:7777/node_modules/.vite/deps/element-plus.js?v=dc0701a7:9085
[  672487ms] [WARNING] ElementPlusError: [el-checkbox] [API] label act as value is about to be deprecated in version 3.0.0, please use value instead.
For more detail, please visit: https://element-plus.org/en-US/component/checkbox.html

    at debugWarn (http://localhost:7777/node_modules/.vite/deps/element-plus.js?v=dc0701a7:9085:37)
    at watch.immediate (http://localhost:7777/node_modules/.vite/deps/element-plus.js?v=dc0701a7:10179:14)
    at callWithErrorHandling (http://localhost:7777/node_modules/.vite/deps/chunk-FT3SB2S6.js?v=dc0701a7:2377:19)
    at callWithAsyncErrorHandling (http://localhost:7777/node_modules/.vite/deps/chunk-FT3SB2S6.js?v=dc0701a7:2384:17)
    at baseWatchOptions.call (http://localhost:7777/node_modules/.vite/deps/chunk-FT3SB2S6.js?v=dc0701a7:3071:47)
    at job (http://localhost:7777/node_modules/.vite/deps/chunk-FT3SB2S6.js?v=dc0701a7:2107:18)
    at watch (http://localhost:7777/node_modules/.vite/deps/chunk-FT3SB2S6.js?v=dc0701a7:2142:7)
    at doWatch (http://localhost:7777/node_modules/.vite/deps/chunk-FT3SB2S6.js?v=dc0701a7:3099:23)
    at watch2 (http://localhost:7777/node_modules/.vite/deps/chunk-FT3SB2S6.js?v=dc0701a7:3032:10)
    at useDeprecated (http://localhost:7777/node_modules/.vite/deps/element-plus.js?v=dc0701a7:10178:3) @ http://localhost:7777/node_modules/.vite/deps/element-plus.js?v=dc0701a7:9085
[  672487ms] [WARNING] ElementPlusError: [el-checkbox] [API] label act as value is about to be deprecated in version 3.0.0, please use value instead.
For more detail, please visit: https://element-plus.org/en-US/component/checkbox.html

    at debugWarn (http://localhost:7777/node_modules/.vite/deps/element-plus.js?v=dc0701a7:9085:37)
    at watch.immediate (http://localhost:7777/node_modules/.vite/deps/element-plus.js?v=dc0701a7:10179:14)
    at callWithErrorHandling (http://localhost:7777/node_modules/.vite/deps/chunk-FT3SB2S6.js?v=dc0701a7:2377:19)
    at callWithAsyncErrorHandling (http://localhost:7777/node_modules/.vite/deps/chunk-FT3SB2S6.js?v=dc0701a7:2384:17)
    at baseWatchOptions.call (http://localhost:7777/node_modules/.vite/deps/chunk-FT3SB2S6.js?v=dc0701a7:3071:47)
    at job (http://localhost:7777/node_modules/.vite/deps/chunk-FT3SB2S6.js?v=dc0701a7:2107:18)
    at watch (http://localhost:7777/node_modules/.vite/deps/chunk-FT3SB2S6.js?v=dc0701a7:2142:7)
    at doWatch (http://localhost:7777/node_modules/.vite/deps/chunk-FT3SB2S6.js?v=dc0701a7:3099:23)
    at watch2 (http://localhost:7777/node_modules/.vite/deps/chunk-FT3SB2S6.js?v=dc0701a7:3032:10)
    at useDeprecated (http://localhost:7777/node_modules/.vite/deps/element-plus.js?v=dc0701a7:10178:3) @ http://localhost:7777/node_modules/.vite/deps/element-plus.js?v=dc0701a7:9085
[  672487ms] [WARNING] ElementPlusError: [el-checkbox] [API] label act as value is about to be deprecated in version 3.0.0, please use value instead.
For more detail, please visit: https://element-plus.org/en-US/component/checkbox.html

    at debugWarn (http://localhost:7777/node_modules/.vite/deps/element-plus.js?v=dc0701a7:9085:37)
    at watch.immediate (http://localhost:7777/node_modules/.vite/deps/element-plus.js?v=dc0701a7:10179:14)
    at callWithErrorHandling (http://localhost:7777/node_modules/.vite/deps/chunk-FT3SB2S6.js?v=dc0701a7:2377:19)
    at callWithAsyncErrorHandling (http://localhost:7777/node_modules/.vite/deps/chunk-FT3SB2S6.js?v=dc0701a7:2384:17)
    at baseWatchOptions.call (http://localhost:7777/node_modules/.vite/deps/chunk-FT3SB2S6.js?v=dc0701a7:3071:47)
    at job (http://localhost:7777/node_modules/.vite/deps/chunk-FT3SB2S6.js?v=dc0701a7:2107:18)
    at watch (http://localhost:7777/node_modules/.vite/deps/chunk-FT3SB2S6.js?v=dc0701a7:2142:7)
    at doWatch (http://localhost:7777/node_modules/.vite/deps/chunk-FT3SB2S6.js?v=dc0701a7:3099:23)
    at watch2 (http://localhost:7777/node_modules/.vite/deps/chunk-FT3SB2S6.js?v=dc0701a7:3032:10)
    at useDeprecated (http://localhost:7777/node_modules/.vite/deps/element-plus.js?v=dc0701a7:10178:3) @ http://localhost:7777/node_modules/.vite/deps/element-plus.js?v=dc0701a7:9085
[  672487ms] [WARNING] ElementPlusError: [el-checkbox] [API] label act as value is about to be deprecated in version 3.0.0, please use value instead.
For more detail, please visit: https://element-plus.org/en-US/component/checkbox.html

    at debugWarn (http://localhost:7777/node_modules/.vite/deps/element-plus.js?v=dc0701a7:9085:37)
    at watch.immediate (http://localhost:7777/node_modules/.vite/deps/element-plus.js?v=dc0701a7:10179:14)
    at callWithErrorHandling (http://localhost:7777/node_modules/.vite/deps/chunk-FT3SB2S6.js?v=dc0701a7:2377:19)
    at callWithAsyncErrorHandling (http://localhost:7777/node_modules/.vite/deps/chunk-FT3SB2S6.js?v=dc0701a7:2384:17)
    at baseWatchOptions.call (http://localhost:7777/node_modules/.vite/deps/chunk-FT3SB2S6.js?v=dc0701a7:3071:47)
    at job (http://localhost:7777/node_modules/.vite/deps/chunk-FT3SB2S6.js?v=dc0701a7:2107:18)
    at watch (http://localhost:7777/node_modules/.vite/deps/chunk-FT3SB2S6.js?v=dc0701a7:2142:7)
    at doWatch (http://localhost:7777/node_modules/.vite/deps/chunk-FT3SB2S6.js?v=dc0701a7:3099:23)
    at watch2 (http://localhost:7777/node_modules/.vite/deps/chunk-FT3SB2S6.js?v=dc0701a7:3032:10)
    at useDeprecated (http://localhost:7777/node_modules/.vite/deps/element-plus.js?v=dc0701a7:10178:3) @ http://localhost:7777/node_modules/.vite/deps/element-plus.js?v=dc0701a7:9085
[  672487ms] [WARNING] ElementPlusError: [el-checkbox] [API] label act as value is about to be deprecated in version 3.0.0, please use value instead.
For more detail, please visit: https://element-plus.org/en-US/component/checkbox.html

    at debugWarn (http://localhost:7777/node_modules/.vite/deps/element-plus.js?v=dc0701a7:9085:37)
    at watch.immediate (http://localhost:7777/node_modules/.vite/deps/element-plus.js?v=dc0701a7:10179:14)
    at callWithErrorHandling (http://localhost:7777/node_modules/.vite/deps/chunk-FT3SB2S6.js?v=dc0701a7:2377:19)
    at callWithAsyncErrorHandling (http://localhost:7777/node_modules/.vite/deps/chunk-FT3SB2S6.js?v=dc0701a7:2384:17)
    at baseWatchOptions.call (http://localhost:7777/node_modules/.vite/deps/chunk-FT3SB2S6.js?v=dc0701a7:3071:47)
    at job (http://localhost:7777/node_modules/.vite/deps/chunk-FT3SB2S6.js?v=dc0701a7:2107:18)
    at watch (http://localhost:7777/node_modules/.vite/deps/chunk-FT3SB2S6.js?v=dc0701a7:2142:7)
    at doWatch (http://localhost:7777/node_modules/.vite/deps/chunk-FT3SB2S6.js?v=dc0701a7:3099:23)
    at watch2 (http://localhost:7777/node_modules/.vite/deps/chunk-FT3SB2S6.js?v=dc0701a7:3032:10)
    at useDeprecated (http://localhost:7777/node_modules/.vite/deps/element-plus.js?v=dc0701a7:10178:3) @ http://localhost:7777/node_modules/.vite/deps/element-plus.js?v=dc0701a7:9085
[  672487ms] [WARNING] ElementPlusError: [el-checkbox] [API] label act as value is about to be deprecated in version 3.0.0, please use value instead.
For more detail, please visit: https://element-plus.org/en-US/component/checkbox.html

    at debugWarn (http://localhost:7777/node_modules/.vite/deps/element-plus.js?v=dc0701a7:9085:37)
    at watch.immediate (http://localhost:7777/node_modules/.vite/deps/element-plus.js?v=dc0701a7:10179:14)
    at callWithErrorHandling (http://localhost:7777/node_modules/.vite/deps/chunk-FT3SB2S6.js?v=dc0701a7:2377:19)
    at callWithAsyncErrorHandling (http://localhost:7777/node_modules/.vite/deps/chunk-FT3SB2S6.js?v=dc0701a7:2384:17)
    at baseWatchOptions.call (http://localhost:7777/node_modules/.vite/deps/chunk-FT3SB2S6.js?v=dc0701a7:3071:47)
    at job (http://localhost:7777/node_modules/.vite/deps/chunk-FT3SB2S6.js?v=dc0701a7:2107:18)
    at watch (http://localhost:7777/node_modules/.vite/deps/chunk-FT3SB2S6.js?v=dc0701a7:2142:7)
    at doWatch (http://localhost:7777/node_modules/.vite/deps/chunk-FT3SB2S6.js?v=dc0701a7:3099:23)
    at watch2 (http://localhost:7777/node_modules/.vite/deps/chunk-FT3SB2S6.js?v=dc0701a7:3032:10)
    at useDeprecated (http://localhost:7777/node_modules/.vite/deps/element-plus.js?v=dc0701a7:10178:3) @ http://localhost:7777/node_modules/.vite/deps/element-plus.js?v=dc0701a7:9085
[  672488ms] [WARNING] ElementPlusError: [el-checkbox] [API] label act as value is about to be deprecated in version 3.0.0, please use value instead.
For more detail, please visit: https://element-plus.org/en-US/component/checkbox.html

    at debugWarn (http://localhost:7777/node_modules/.vite/deps/element-plus.js?v=dc0701a7:9085:37)
    at watch.immediate (http://localhost:7777/node_modules/.vite/deps/element-plus.js?v=dc0701a7:10179:14)
    at callWithErrorHandling (http://localhost:7777/node_modules/.vite/deps/chunk-FT3SB2S6.js?v=dc0701a7:2377:19)
    at callWithAsyncErrorHandling (http://localhost:7777/node_modules/.vite/deps/chunk-FT3SB2S6.js?v=dc0701a7:2384:17)
    at baseWatchOptions.call (http://localhost:7777/node_modules/.vite/deps/chunk-FT3SB2S6.js?v=dc0701a7:3071:47)
    at job (http://localhost:7777/node_modules/.vite/deps/chunk-FT3SB2S6.js?v=dc0701a7:2107:18)
    at watch (http://localhost:7777/node_modules/.vite/deps/chunk-FT3SB2S6.js?v=dc0701a7:2142:7)
    at doWatch (http://localhost:7777/node_modules/.vite/deps/chunk-FT3SB2S6.js?v=dc0701a7:3099:23)
    at watch2 (http://localhost:7777/node_modules/.vite/deps/chunk-FT3SB2S6.js?v=dc0701a7:3032:10)
    at useDeprecated (http://localhost:7777/node_modules/.vite/deps/element-plus.js?v=dc0701a7:10178:3) @ http://localhost:7777/node_modules/.vite/deps/element-plus.js?v=dc0701a7:9085
[  672488ms] [WARNING] ElementPlusError: [el-checkbox] [API] label act as value is about to be deprecated in version 3.0.0, please use value instead.
For more detail, please visit: https://element-plus.org/en-US/component/checkbox.html

    at debugWarn (http://localhost:7777/node_modules/.vite/deps/element-plus.js?v=dc0701a7:9085:37)
    at watch.immediate (http://localhost:7777/node_modules/.vite/deps/element-plus.js?v=dc0701a7:10179:14)
    at callWithErrorHandling (http://localhost:7777/node_modules/.vite/deps/chunk-FT3SB2S6.js?v=dc0701a7:2377:19)
    at callWithAsyncErrorHandling (http://localhost:7777/node_modules/.vite/deps/chunk-FT3SB2S6.js?v=dc0701a7:2384:17)
    at baseWatchOptions.call (http://localhost:7777/node_modules/.vite/deps/chunk-FT3SB2S6.js?v=dc0701a7:3071:47)
    at job (http://localhost:7777/node_modules/.vite/deps/chunk-FT3SB2S6.js?v=dc0701a7:2107:18)
    at watch (http://localhost:7777/node_modules/.vite/deps/chunk-FT3SB2S6.js?v=dc0701a7:2142:7)
    at doWatch (http://localhost:7777/node_modules/.vite/deps/chunk-FT3SB2S6.js?v=dc0701a7:3099:23)
    at watch2 (http://localhost:7777/node_modules/.vite/deps/chunk-FT3SB2S6.js?v=dc0701a7:3032:10)
    at useDeprecated (http://localhost:7777/node_modules/.vite/deps/element-plus.js?v=dc0701a7:10178:3) @ http://localhost:7777/node_modules/.vite/deps/element-plus.js?v=dc0701a7:9085
[  672488ms] [WARNING] ElementPlusError: [el-checkbox] [API] label act as value is about to be deprecated in version 3.0.0, please use value instead.
For more detail, please visit: https://element-plus.org/en-US/component/checkbox.html

    at debugWarn (http://localhost:7777/node_modules/.vite/deps/element-plus.js?v=dc0701a7:9085:37)
    at watch.immediate (http://localhost:7777/node_modules/.vite/deps/element-plus.js?v=dc0701a7:10179:14)
    at callWithErrorHandling (http://localhost:7777/node_modules/.vite/deps/chunk-FT3SB2S6.js?v=dc0701a7:2377:19)
    at callWithAsyncErrorHandling (http://localhost:7777/node_modules/.vite/deps/chunk-FT3SB2S6.js?v=dc0701a7:2384:17)
    at baseWatchOptions.call (http://localhost:7777/node_modules/.vite/deps/chunk-FT3SB2S6.js?v=dc0701a7:3071:47)
    at job (http://localhost:7777/node_modules/.vite/deps/chunk-FT3SB2S6.js?v=dc0701a7:2107:18)
    at watch (http://localhost:7777/node_modules/.vite/deps/chunk-FT3SB2S6.js?v=dc0701a7:2142:7)
    at doWatch (http://localhost:7777/node_modules/.vite/deps/chunk-FT3SB2S6.js?v=dc0701a7:3099:23)
    at watch2 (http://localhost:7777/node_modules/.vite/deps/chunk-FT3SB2S6.js?v=dc0701a7:3032:10)
    at useDeprecated (http://localhost:7777/node_modules/.vite/deps/element-plus.js?v=dc0701a7:10178:3) @ http://localhost:7777/node_modules/.vite/deps/element-plus.js?v=dc0701a7:9085
[  672488ms] [WARNING] ElementPlusError: [el-checkbox] [API] label act as value is about to be deprecated in version 3.0.0, please use value instead.
For more detail, please visit: https://element-plus.org/en-US/component/checkbox.html

    at debugWarn (http://localhost:7777/node_modules/.vite/deps/element-plus.js?v=dc0701a7:9085:37)
    at watch.immediate (http://localhost:7777/node_modules/.vite/deps/element-plus.js?v=dc0701a7:10179:14)
    at callWithErrorHandling (http://localhost:7777/node_modules/.vite/deps/chunk-FT3SB2S6.js?v=dc0701a7:2377:19)
    at callWithAsyncErrorHandling (http://localhost:7777/node_modules/.vite/deps/chunk-FT3SB2S6.js?v=dc0701a7:2384:17)
    at baseWatchOptions.call (http://localhost:7777/node_modules/.vite/deps/chunk-FT3SB2S6.js?v=dc0701a7:3071:47)
    at job (http://localhost:7777/node_modules/.vite/deps/chunk-FT3SB2S6.js?v=dc0701a7:2107:18)
    at watch (http://localhost:7777/node_modules/.vite/deps/chunk-FT3SB2S6.js?v=dc0701a7:2142:7)
    at doWatch (http://localhost:7777/node_modules/.vite/deps/chunk-FT3SB2S6.js?v=dc0701a7:3099:23)
    at watch2 (http://localhost:7777/node_modules/.vite/deps/chunk-FT3SB2S6.js?v=dc0701a7:3032:10)
    at useDeprecated (http://localhost:7777/node_modules/.vite/deps/element-plus.js?v=dc0701a7:10178:3) @ http://localhost:7777/node_modules/.vite/deps/element-plus.js?v=dc0701a7:9085
[  672489ms] [WARNING] ElementPlusError: [el-checkbox] [API] label act as value is about to be deprecated in version 3.0.0, please use value instead.
For more detail, please visit: https://element-plus.org/en-US/component/checkbox.html

    at debugWarn (http://localhost:7777/node_modules/.vite/deps/element-plus.js?v=dc0701a7:9085:37)
    at watch.immediate (http://localhost:7777/node_modules/.vite/deps/element-plus.js?v=dc0701a7:10179:14)
    at callWithErrorHandling (http://localhost:7777/node_modules/.vite/deps/chunk-FT3SB2S6.js?v=dc0701a7:2377:19)
    at callWithAsyncErrorHandling (http://localhost:7777/node_modules/.vite/deps/chunk-FT3SB2S6.js?v=dc0701a7:2384:17)
    at baseWatchOptions.call (http://localhost:7777/node_modules/.vite/deps/chunk-FT3SB2S6.js?v=dc0701a7:3071:47)
    at job (http://localhost:7777/node_modules/.vite/deps/chunk-FT3SB2S6.js?v=dc0701a7:2107:18)
    at watch (http://localhost:7777/node_modules/.vite/deps/chunk-FT3SB2S6.js?v=dc0701a7:2142:7)
    at doWatch (http://localhost:7777/node_modules/.vite/deps/chunk-FT3SB2S6.js?v=dc0701a7:3099:23)
    at watch2 (http://localhost:7777/node_modules/.vite/deps/chunk-FT3SB2S6.js?v=dc0701a7:3032:10)
    at useDeprecated (http://localhost:7777/node_modules/.vite/deps/element-plus.js?v=dc0701a7:10178:3) @ http://localhost:7777/node_modules/.vite/deps/element-plus.js?v=dc0701a7:9085
[  672489ms] [WARNING] ElementPlusError: [el-checkbox] [API] label act as value is about to be deprecated in version 3.0.0, please use value instead.
For more detail, please visit: https://element-plus.org/en-US/component/checkbox.html

    at debugWarn (http://localhost:7777/node_modules/.vite/deps/element-plus.js?v=dc0701a7:9085:37)
    at watch.immediate (http://localhost:7777/node_modules/.vite/deps/element-plus.js?v=dc0701a7:10179:14)
    at callWithErrorHandling (http://localhost:7777/node_modules/.vite/deps/chunk-FT3SB2S6.js?v=dc0701a7:2377:19)
    at callWithAsyncErrorHandling (http://localhost:7777/node_modules/.vite/deps/chunk-FT3SB2S6.js?v=dc0701a7:2384:17)
    at baseWatchOptions.call (http://localhost:7777/node_modules/.vite/deps/chunk-FT3SB2S6.js?v=dc0701a7:3071:47)
    at job (http://localhost:7777/node_modules/.vite/deps/chunk-FT3SB2S6.js?v=dc0701a7:2107:18)
    at watch (http://localhost:7777/node_modules/.vite/deps/chunk-FT3SB2S6.js?v=dc0701a7:2142:7)
    at doWatch (http://localhost:7777/node_modules/.vite/deps/chunk-FT3SB2S6.js?v=dc0701a7:3099:23)
    at watch2 (http://localhost:7777/node_modules/.vite/deps/chunk-FT3SB2S6.js?v=dc0701a7:3032:10)
    at useDeprecated (http://localhost:7777/node_modules/.vite/deps/element-plus.js?v=dc0701a7:10178:3) @ http://localhost:7777/node_modules/.vite/deps/element-plus.js?v=dc0701a7:9085
[  672489ms] [WARNING] ElementPlusError: [el-checkbox] [API] label act as value is about to be deprecated in version 3.0.0, please use value instead.
For more detail, please visit: https://element-plus.org/en-US/component/checkbox.html

    at debugWarn (http://localhost:7777/node_modules/.vite/deps/element-plus.js?v=dc0701a7:9085:37)
    at watch.immediate (http://localhost:7777/node_modules/.vite/deps/element-plus.js?v=dc0701a7:10179:14)
    at callWithErrorHandling (http://localhost:7777/node_modules/.vite/deps/chunk-FT3SB2S6.js?v=dc0701a7:2377:19)
    at callWithAsyncErrorHandling (http://localhost:7777/node_modules/.vite/deps/chunk-FT3SB2S6.js?v=dc0701a7:2384:17)
    at baseWatchOptions.call (http://localhost:7777/node_modules/.vite/deps/chunk-FT3SB2S6.js?v=dc0701a7:3071:47)
    at job (http://localhost:7777/node_modules/.vite/deps/chunk-FT3SB2S6.js?v=dc0701a7:2107:18)
    at watch (http://localhost:7777/node_modules/.vite/deps/chunk-FT3SB2S6.js?v=dc0701a7:2142:7)
    at doWatch (http://localhost:7777/node_modules/.vite/deps/chunk-FT3SB2S6.js?v=dc0701a7:3099:23)
    at watch2 (http://localhost:7777/node_modules/.vite/deps/chunk-FT3SB2S6.js?v=dc0701a7:3032:10)
    at useDeprecated (http://localhost:7777/node_modules/.vite/deps/element-plus.js?v=dc0701a7:10178:3) @ http://localhost:7777/node_modules/.vite/deps/element-plus.js?v=dc0701a7:9085
[  672489ms] [WARNING] ElementPlusError: [el-checkbox] [API] label act as value is about to be deprecated in version 3.0.0, please use value instead.
For more detail, please visit: https://element-plus.org/en-US/component/checkbox.html

    at debugWarn (http://localhost:7777/node_modules/.vite/deps/element-plus.js?v=dc0701a7:9085:37)
    at watch.immediate (http://localhost:7777/node_modules/.vite/deps/element-plus.js?v=dc0701a7:10179:14)
    at callWithErrorHandling (http://localhost:7777/node_modules/.vite/deps/chunk-FT3SB2S6.js?v=dc0701a7:2377:19)
    at callWithAsyncErrorHandling (http://localhost:7777/node_modules/.vite/deps/chunk-FT3SB2S6.js?v=dc0701a7:2384:17)
    at baseWatchOptions.call (http://localhost:7777/node_modules/.vite/deps/chunk-FT3SB2S6.js?v=dc0701a7:3071:47)
    at job (http://localhost:7777/node_modules/.vite/deps/chunk-FT3SB2S6.js?v=dc0701a7:2107:18)
    at watch (http://localhost:7777/node_modules/.vite/deps/chunk-FT3SB2S6.js?v=dc0701a7:2142:7)
    at doWatch (http://localhost:7777/node_modules/.vite/deps/chunk-FT3SB2S6.js?v=dc0701a7:3099:23)
    at watch2 (http://localhost:7777/node_modules/.vite/deps/chunk-FT3SB2S6.js?v=dc0701a7:3032:10)
    at useDeprecated (http://localhost:7777/node_modules/.vite/deps/element-plus.js?v=dc0701a7:10178:3) @ http://localhost:7777/node_modules/.vite/deps/element-plus.js?v=dc0701a7:9085
[  672490ms] [WARNING] ElementPlusError: [el-checkbox] [API] label act as value is about to be deprecated in version 3.0.0, please use value instead.
For more detail, please visit: https://element-plus.org/en-US/component/checkbox.html

    at debugWarn (http://localhost:7777/node_modules/.vite/deps/element-plus.js?v=dc0701a7:9085:37)
    at watch.immediate (http://localhost:7777/node_modules/.vite/deps/element-plus.js?v=dc0701a7:10179:14)
    at callWithErrorHandling (http://localhost:7777/node_modules/.vite/deps/chunk-FT3SB2S6.js?v=dc0701a7:2377:19)
    at callWithAsyncErrorHandling (http://localhost:7777/node_modules/.vite/deps/chunk-FT3SB2S6.js?v=dc0701a7:2384:17)
    at baseWatchOptions.call (http://localhost:7777/node_modules/.vite/deps/chunk-FT3SB2S6.js?v=dc0701a7:3071:47)
    at job (http://localhost:7777/node_modules/.vite/deps/chunk-FT3SB2S6.js?v=dc0701a7:2107:18)
    at watch (http://localhost:7777/node_modules/.vite/deps/chunk-FT3SB2S6.js?v=dc0701a7:2142:7)
    at doWatch (http://localhost:7777/node_modules/.vite/deps/chunk-FT3SB2S6.js?v=dc0701a7:3099:23)
    at watch2 (http://localhost:7777/node_modules/.vite/deps/chunk-FT3SB2S6.js?v=dc0701a7:3032:10)
    at useDeprecated (http://localhost:7777/node_modules/.vite/deps/element-plus.js?v=dc0701a7:10178:3) @ http://localhost:7777/node_modules/.vite/deps/element-plus.js?v=dc0701a7:9085
[  672490ms] [WARNING] ElementPlusError: [el-checkbox] [API] label act as value is about to be deprecated in version 3.0.0, please use value instead.
For more detail, please visit: https://element-plus.org/en-US/component/checkbox.html

    at debugWarn (http://localhost:7777/node_modules/.vite/deps/element-plus.js?v=dc0701a7:9085:37)
    at watch.immediate (http://localhost:7777/node_modules/.vite/deps/element-plus.js?v=dc0701a7:10179:14)
    at callWithErrorHandling (http://localhost:7777/node_modules/.vite/deps/chunk-FT3SB2S6.js?v=dc0701a7:2377:19)
    at callWithAsyncErrorHandling (http://localhost:7777/node_modules/.vite/deps/chunk-FT3SB2S6.js?v=dc0701a7:2384:17)
    at baseWatchOptions.call (http://localhost:7777/node_modules/.vite/deps/chunk-FT3SB2S6.js?v=dc0701a7:3071:47)
    at job (http://localhost:7777/node_modules/.vite/deps/chunk-FT3SB2S6.js?v=dc0701a7:2107:18)
    at watch (http://localhost:7777/node_modules/.vite/deps/chunk-FT3SB2S6.js?v=dc0701a7:2142:7)
    at doWatch (http://localhost:7777/node_modules/.vite/deps/chunk-FT3SB2S6.js?v=dc0701a7:3099:23)
    at watch2 (http://localhost:7777/node_modules/.vite/deps/chunk-FT3SB2S6.js?v=dc0701a7:3032:10)
    at useDeprecated (http://localhost:7777/node_modules/.vite/deps/element-plus.js?v=dc0701a7:10178:3) @ http://localhost:7777/node_modules/.vite/deps/element-plus.js?v=dc0701a7:9085
[  672490ms] [WARNING] ElementPlusError: [el-checkbox] [API] label act as value is about to be deprecated in version 3.0.0, please use value instead.
For more detail, please visit: https://element-plus.org/en-US/component/checkbox.html

    at debugWarn (http://localhost:7777/node_modules/.vite/deps/element-plus.js?v=dc0701a7:9085:37)
    at watch.immediate (http://localhost:7777/node_modules/.vite/deps/element-plus.js?v=dc0701a7:10179:14)
    at callWithErrorHandling (http://localhost:7777/node_modules/.vite/deps/chunk-FT3SB2S6.js?v=dc0701a7:2377:19)
    at callWithAsyncErrorHandling (http://localhost:7777/node_modules/.vite/deps/chunk-FT3SB2S6.js?v=dc0701a7:2384:17)
    at baseWatchOptions.call (http://localhost:7777/node_modules/.vite/deps/chunk-FT3SB2S6.js?v=dc0701a7:3071:47)
    at job (http://localhost:7777/node_modules/.vite/deps/chunk-FT3SB2S6.js?v=dc0701a7:2107:18)
    at watch (http://localhost:7777/node_modules/.vite/deps/chunk-FT3SB2S6.js?v=dc0701a7:2142:7)
    at doWatch (http://localhost:7777/node_modules/.vite/deps/chunk-FT3SB2S6.js?v=dc0701a7:3099:23)
    at watch2 (http://localhost:7777/node_modules/.vite/deps/chunk-FT3SB2S6.js?v=dc0701a7:3032:10)
    at useDeprecated (http://localhost:7777/node_modules/.vite/deps/element-plus.js?v=dc0701a7:10178:3) @ http://localhost:7777/node_modules/.vite/deps/element-plus.js?v=dc0701a7:9085
[  672490ms] [WARNING] ElementPlusError: [el-checkbox] [API] label act as value is about to be deprecated in version 3.0.0, please use value instead.
For more detail, please visit: https://element-plus.org/en-US/component/checkbox.html

    at debugWarn (http://localhost:7777/node_modules/.vite/deps/element-plus.js?v=dc0701a7:9085:37)
    at watch.immediate (http://localhost:7777/node_modules/.vite/deps/element-plus.js?v=dc0701a7:10179:14)
    at callWithErrorHandling (http://localhost:7777/node_modules/.vite/deps/chunk-FT3SB2S6.js?v=dc0701a7:2377:19)
    at callWithAsyncErrorHandling (http://localhost:7777/node_modules/.vite/deps/chunk-FT3SB2S6.js?v=dc0701a7:2384:17)
    at baseWatchOptions.call (http://localhost:7777/node_modules/.vite/deps/chunk-FT3SB2S6.js?v=dc0701a7:3071:47)
    at job (http://localhost:7777/node_modules/.vite/deps/chunk-FT3SB2S6.js?v=dc0701a7:2107:18)
    at watch (http://localhost:7777/node_modules/.vite/deps/chunk-FT3SB2S6.js?v=dc0701a7:2142:7)
    at doWatch (http://localhost:7777/node_modules/.vite/deps/chunk-FT3SB2S6.js?v=dc0701a7:3099:23)
    at watch2 (http://localhost:7777/node_modules/.vite/deps/chunk-FT3SB2S6.js?v=dc0701a7:3032:10)
    at useDeprecated (http://localhost:7777/node_modules/.vite/deps/element-plus.js?v=dc0701a7:10178:3) @ http://localhost:7777/node_modules/.vite/deps/element-plus.js?v=dc0701a7:9085
[  672490ms] [WARNING] ElementPlusError: [el-checkbox] [API] label act as value is about to be deprecated in version 3.0.0, please use value instead.
For more detail, please visit: https://element-plus.org/en-US/component/checkbox.html

    at debugWarn (http://localhost:7777/node_modules/.vite/deps/element-plus.js?v=dc0701a7:9085:37)
    at watch.immediate (http://localhost:7777/node_modules/.vite/deps/element-plus.js?v=dc0701a7:10179:14)
    at callWithErrorHandling (http://localhost:7777/node_modules/.vite/deps/chunk-FT3SB2S6.js?v=dc0701a7:2377:19)
    at callWithAsyncErrorHandling (http://localhost:7777/node_modules/.vite/deps/chunk-FT3SB2S6.js?v=dc0701a7:2384:17)
    at baseWatchOptions.call (http://localhost:7777/node_modules/.vite/deps/chunk-FT3SB2S6.js?v=dc0701a7:3071:47)
    at job (http://localhost:7777/node_modules/.vite/deps/chunk-FT3SB2S6.js?v=dc0701a7:2107:18)
    at watch (http://localhost:7777/node_modules/.vite/deps/chunk-FT3SB2S6.js?v=dc0701a7:2142:7)
    at doWatch (http://localhost:7777/node_modules/.vite/deps/chunk-FT3SB2S6.js?v=dc0701a7:3099:23)
    at watch2 (http://localhost:7777/node_modules/.vite/deps/chunk-FT3SB2S6.js?v=dc0701a7:3032:10)
    at useDeprecated (http://localhost:7777/node_modules/.vite/deps/element-plus.js?v=dc0701a7:10178:3) @ http://localhost:7777/node_modules/.vite/deps/element-plus.js?v=dc0701a7:9085
[  672490ms] [WARNING] ElementPlusError: [el-checkbox] [API] label act as value is about to be deprecated in version 3.0.0, please use value instead.
For more detail, please visit: https://element-plus.org/en-US/component/checkbox.html

    at debugWarn (http://localhost:7777/node_modules/.vite/deps/element-plus.js?v=dc0701a7:9085:37)
    at watch.immediate (http://localhost:7777/node_modules/.vite/deps/element-plus.js?v=dc0701a7:10179:14)
    at callWithErrorHandling (http://localhost:7777/node_modules/.vite/deps/chunk-FT3SB2S6.js?v=dc0701a7:2377:19)
    at callWithAsyncErrorHandling (http://localhost:7777/node_modules/.vite/deps/chunk-FT3SB2S6.js?v=dc0701a7:2384:17)
    at baseWatchOptions.call (http://localhost:7777/node_modules/.vite/deps/chunk-FT3SB2S6.js?v=dc0701a7:3071:47)
    at job (http://localhost:7777/node_modules/.vite/deps/chunk-FT3SB2S6.js?v=dc0701a7:2107:18)
    at watch (http://localhost:7777/node_modules/.vite/deps/chunk-FT3SB2S6.js?v=dc0701a7:2142:7)
    at doWatch (http://localhost:7777/node_modules/.vite/deps/chunk-FT3SB2S6.js?v=dc0701a7:3099:23)
    at watch2 (http://localhost:7777/node_modules/.vite/deps/chunk-FT3SB2S6.js?v=dc0701a7:3032:10)
    at useDeprecated (http://localhost:7777/node_modules/.vite/deps/element-plus.js?v=dc0701a7:10178:3) @ http://localhost:7777/node_modules/.vite/deps/element-plus.js?v=dc0701a7:9085
[  672491ms] [WARNING] ElementPlusError: [el-checkbox] [API] label act as value is about to be deprecated in version 3.0.0, please use value instead.
For more detail, please visit: https://element-plus.org/en-US/component/checkbox.html

    at debugWarn (http://localhost:7777/node_modules/.vite/deps/element-plus.js?v=dc0701a7:9085:37)
    at watch.immediate (http://localhost:7777/node_modules/.vite/deps/element-plus.js?v=dc0701a7:10179:14)
    at callWithErrorHandling (http://localhost:7777/node_modules/.vite/deps/chunk-FT3SB2S6.js?v=dc0701a7:2377:19)
    at callWithAsyncErrorHandling (http://localhost:7777/node_modules/.vite/deps/chunk-FT3SB2S6.js?v=dc0701a7:2384:17)
    at baseWatchOptions.call (http://localhost:7777/node_modules/.vite/deps/chunk-FT3SB2S6.js?v=dc0701a7:3071:47)
    at job (http://localhost:7777/node_modules/.vite/deps/chunk-FT3SB2S6.js?v=dc0701a7:2107:18)
    at watch (http://localhost:7777/node_modules/.vite/deps/chunk-FT3SB2S6.js?v=dc0701a7:2142:7)
    at doWatch (http://localhost:7777/node_modules/.vite/deps/chunk-FT3SB2S6.js?v=dc0701a7:3099:23)
    at watch2 (http://localhost:7777/node_modules/.vite/deps/chunk-FT3SB2S6.js?v=dc0701a7:3032:10)
    at useDeprecated (http://localhost:7777/node_modules/.vite/deps/element-plus.js?v=dc0701a7:10178:3) @ http://localhost:7777/node_modules/.vite/deps/element-plus.js?v=dc0701a7:9085
[  672491ms] [WARNING] ElementPlusError: [el-checkbox] [API] label act as value is about to be deprecated in version 3.0.0, please use value instead.
For more detail, please visit: https://element-plus.org/en-US/component/checkbox.html

    at debugWarn (http://localhost:7777/node_modules/.vite/deps/element-plus.js?v=dc0701a7:9085:37)
    at watch.immediate (http://localhost:7777/node_modules/.vite/deps/element-plus.js?v=dc0701a7:10179:14)
    at callWithErrorHandling (http://localhost:7777/node_modules/.vite/deps/chunk-FT3SB2S6.js?v=dc0701a7:2377:19)
    at callWithAsyncErrorHandling (http://localhost:7777/node_modules/.vite/deps/chunk-FT3SB2S6.js?v=dc0701a7:2384:17)
    at baseWatchOptions.call (http://localhost:7777/node_modules/.vite/deps/chunk-FT3SB2S6.js?v=dc0701a7:3071:47)
    at job (http://localhost:7777/node_modules/.vite/deps/chunk-FT3SB2S6.js?v=dc0701a7:2107:18)
    at watch (http://localhost:7777/node_modules/.vite/deps/chunk-FT3SB2S6.js?v=dc0701a7:2142:7)
    at doWatch (http://localhost:7777/node_modules/.vite/deps/chunk-FT3SB2S6.js?v=dc0701a7:3099:23)
    at watch2 (http://localhost:7777/node_modules/.vite/deps/chunk-FT3SB2S6.js?v=dc0701a7:3032:10)
    at useDeprecated (http://localhost:7777/node_modules/.vite/deps/element-plus.js?v=dc0701a7:10178:3) @ http://localhost:7777/node_modules/.vite/deps/element-plus.js?v=dc0701a7:9085
[  672491ms] [WARNING] ElementPlusError: [el-checkbox] [API] label act as value is about to be deprecated in version 3.0.0, please use value instead.
For more detail, please visit: https://element-plus.org/en-US/component/checkbox.html

    at debugWarn (http://localhost:7777/node_modules/.vite/deps/element-plus.js?v=dc0701a7:9085:37)
    at watch.immediate (http://localhost:7777/node_modules/.vite/deps/element-plus.js?v=dc0701a7:10179:14)
    at callWithErrorHandling (http://localhost:7777/node_modules/.vite/deps/chunk-FT3SB2S6.js?v=dc0701a7:2377:19)
    at callWithAsyncErrorHandling (http://localhost:7777/node_modules/.vite/deps/chunk-FT3SB2S6.js?v=dc0701a7:2384:17)
    at baseWatchOptions.call (http://localhost:7777/node_modules/.vite/deps/chunk-FT3SB2S6.js?v=dc0701a7:3071:47)
    at job (http://localhost:7777/node_modules/.vite/deps/chunk-FT3SB2S6.js?v=dc0701a7:2107:18)
    at watch (http://localhost:7777/node_modules/.vite/deps/chunk-FT3SB2S6.js?v=dc0701a7:2142:7)
    at doWatch (http://localhost:7777/node_modules/.vite/deps/chunk-FT3SB2S6.js?v=dc0701a7:3099:23)
    at watch2 (http://localhost:7777/node_modules/.vite/deps/chunk-FT3SB2S6.js?v=dc0701a7:3032:10)
    at useDeprecated (http://localhost:7777/node_modules/.vite/deps/element-plus.js?v=dc0701a7:10178:3) @ http://localhost:7777/node_modules/.vite/deps/element-plus.js?v=dc0701a7:9085
[  672491ms] [WARNING] ElementPlusError: [el-checkbox] [API] label act as value is about to be deprecated in version 3.0.0, please use value instead.
For more detail, please visit: https://element-plus.org/en-US/component/checkbox.html

    at debugWarn (http://localhost:7777/node_modules/.vite/deps/element-plus.js?v=dc0701a7:9085:37)
    at watch.immediate (http://localhost:7777/node_modules/.vite/deps/element-plus.js?v=dc0701a7:10179:14)
    at callWithErrorHandling (http://localhost:7777/node_modules/.vite/deps/chunk-FT3SB2S6.js?v=dc0701a7:2377:19)
    at callWithAsyncErrorHandling (http://localhost:7777/node_modules/.vite/deps/chunk-FT3SB2S6.js?v=dc0701a7:2384:17)
    at baseWatchOptions.call (http://localhost:7777/node_modules/.vite/deps/chunk-FT3SB2S6.js?v=dc0701a7:3071:47)
    at job (http://localhost:7777/node_modules/.vite/deps/chunk-FT3SB2S6.js?v=dc0701a7:2107:18)
    at watch (http://localhost:7777/node_modules/.vite/deps/chunk-FT3SB2S6.js?v=dc0701a7:2142:7)
    at doWatch (http://localhost:7777/node_modules/.vite/deps/chunk-FT3SB2S6.js?v=dc0701a7:3099:23)
    at watch2 (http://localhost:7777/node_modules/.vite/deps/chunk-FT3SB2S6.js?v=dc0701a7:3032:10)
    at useDeprecated (http://localhost:7777/node_modules/.vite/deps/element-plus.js?v=dc0701a7:10178:3) @ http://localhost:7777/node_modules/.vite/deps/element-plus.js?v=dc0701a7:9085
[  672491ms] [WARNING] ElementPlusError: [el-checkbox] [API] label act as value is about to be deprecated in version 3.0.0, please use value instead.
For more detail, please visit: https://element-plus.org/en-US/component/checkbox.html

    at debugWarn (http://localhost:7777/node_modules/.vite/deps/element-plus.js?v=dc0701a7:9085:37)
    at watch.immediate (http://localhost:7777/node_modules/.vite/deps/element-plus.js?v=dc0701a7:10179:14)
    at callWithErrorHandling (http://localhost:7777/node_modules/.vite/deps/chunk-FT3SB2S6.js?v=dc0701a7:2377:19)
    at callWithAsyncErrorHandling (http://localhost:7777/node_modules/.vite/deps/chunk-FT3SB2S6.js?v=dc0701a7:2384:17)
    at baseWatchOptions.call (http://localhost:7777/node_modules/.vite/deps/chunk-FT3SB2S6.js?v=dc0701a7:3071:47)
    at job (http://localhost:7777/node_modules/.vite/deps/chunk-FT3SB2S6.js?v=dc0701a7:2107:18)
    at watch (http://localhost:7777/node_modules/.vite/deps/chunk-FT3SB2S6.js?v=dc0701a7:2142:7)
    at doWatch (http://localhost:7777/node_modules/.vite/deps/chunk-FT3SB2S6.js?v=dc0701a7:3099:23)
    at watch2 (http://localhost:7777/node_modules/.vite/deps/chunk-FT3SB2S6.js?v=dc0701a7:3032:10)
    at useDeprecated (http://localhost:7777/node_modules/.vite/deps/element-plus.js?v=dc0701a7:10178:3) @ http://localhost:7777/node_modules/.vite/deps/element-plus.js?v=dc0701a7:9085
[  672491ms] [WARNING] ElementPlusError: [el-checkbox] [API] label act as value is about to be deprecated in version 3.0.0, please use value instead.
For more detail, please visit: https://element-plus.org/en-US/component/checkbox.html

    at debugWarn (http://localhost:7777/node_modules/.vite/deps/element-plus.js?v=dc0701a7:9085:37)
    at watch.immediate (http://localhost:7777/node_modules/.vite/deps/element-plus.js?v=dc0701a7:10179:14)
    at callWithErrorHandling (http://localhost:7777/node_modules/.vite/deps/chunk-FT3SB2S6.js?v=dc0701a7:2377:19)
    at callWithAsyncErrorHandling (http://localhost:7777/node_modules/.vite/deps/chunk-FT3SB2S6.js?v=dc0701a7:2384:17)
    at baseWatchOptions.call (http://localhost:7777/node_modules/.vite/deps/chunk-FT3SB2S6.js?v=dc0701a7:3071:47)
    at job (http://localhost:7777/node_modules/.vite/deps/chunk-FT3SB2S6.js?v=dc0701a7:2107:18)
    at watch (http://localhost:7777/node_modules/.vite/deps/chunk-FT3SB2S6.js?v=dc0701a7:2142:7)
    at doWatch (http://localhost:7777/node_modules/.vite/deps/chunk-FT3SB2S6.js?v=dc0701a7:3099:23)
    at watch2 (http://localhost:7777/node_modules/.vite/deps/chunk-FT3SB2S6.js?v=dc0701a7:3032:10)
    at useDeprecated (http://localhost:7777/node_modules/.vite/deps/element-plus.js?v=dc0701a7:10178:3) @ http://localhost:7777/node_modules/.vite/deps/element-plus.js?v=dc0701a7:9085
[  672493ms] [WARNING] ElementPlusError: [el-checkbox] [API] label act as value is about to be deprecated in version 3.0.0, please use value instead.
For more detail, please visit: https://element-plus.org/en-US/component/checkbox.html

    at debugWarn (http://localhost:7777/node_modules/.vite/deps/element-plus.js?v=dc0701a7:9085:37)
    at watch.immediate (http://localhost:7777/node_modules/.vite/deps/element-plus.js?v=dc0701a7:10179:14)
    at callWithErrorHandling (http://localhost:7777/node_modules/.vite/deps/chunk-FT3SB2S6.js?v=dc0701a7:2377:19)
    at callWithAsyncErrorHandling (http://localhost:7777/node_modules/.vite/deps/chunk-FT3SB2S6.js?v=dc0701a7:2384:17)
    at baseWatchOptions.call (http://localhost:7777/node_modules/.vite/deps/chunk-FT3SB2S6.js?v=dc0701a7:3071:47)
    at job (http://localhost:7777/node_modules/.vite/deps/chunk-FT3SB2S6.js?v=dc0701a7:2107:18)
    at watch (http://localhost:7777/node_modules/.vite/deps/chunk-FT3SB2S6.js?v=dc0701a7:2142:7)
    at doWatch (http://localhost:7777/node_modules/.vite/deps/chunk-FT3SB2S6.js?v=dc0701a7:3099:23)
    at watch2 (http://localhost:7777/node_modules/.vite/deps/chunk-FT3SB2S6.js?v=dc0701a7:3032:10)
    at useDeprecated (http://localhost:7777/node_modules/.vite/deps/element-plus.js?v=dc0701a7:10178:3) @ http://localhost:7777/node_modules/.vite/deps/element-plus.js?v=dc0701a7:9085
[  672493ms] [WARNING] ElementPlusError: [el-checkbox] [API] label act as value is about to be deprecated in version 3.0.0, please use value instead.
For more detail, please visit: https://element-plus.org/en-US/component/checkbox.html

    at debugWarn (http://localhost:7777/node_modules/.vite/deps/element-plus.js?v=dc0701a7:9085:37)
    at watch.immediate (http://localhost:7777/node_modules/.vite/deps/element-plus.js?v=dc0701a7:10179:14)
    at callWithErrorHandling (http://localhost:7777/node_modules/.vite/deps/chunk-FT3SB2S6.js?v=dc0701a7:2377:19)
    at callWithAsyncErrorHandling (http://localhost:7777/node_modules/.vite/deps/chunk-FT3SB2S6.js?v=dc0701a7:2384:17)
    at baseWatchOptions.call (http://localhost:7777/node_modules/.vite/deps/chunk-FT3SB2S6.js?v=dc0701a7:3071:47)
    at job (http://localhost:7777/node_modules/.vite/deps/chunk-FT3SB2S6.js?v=dc0701a7:2107:18)
    at watch (http://localhost:7777/node_modules/.vite/deps/chunk-FT3SB2S6.js?v=dc0701a7:2142:7)
    at doWatch (http://localhost:7777/node_modules/.vite/deps/chunk-FT3SB2S6.js?v=dc0701a7:3099:23)
    at watch2 (http://localhost:7777/node_modules/.vite/deps/chunk-FT3SB2S6.js?v=dc0701a7:3032:10)
    at useDeprecated (http://localhost:7777/node_modules/.vite/deps/element-plus.js?v=dc0701a7:10178:3) @ http://localhost:7777/node_modules/.vite/deps/element-plus.js?v=dc0701a7:9085
[  672493ms] [WARNING] ElementPlusError: [el-checkbox] [API] label act as value is about to be deprecated in version 3.0.0, please use value instead.
For more detail, please visit: https://element-plus.org/en-US/component/checkbox.html

    at debugWarn (http://localhost:7777/node_modules/.vite/deps/element-plus.js?v=dc0701a7:9085:37)
    at watch.immediate (http://localhost:7777/node_modules/.vite/deps/element-plus.js?v=dc0701a7:10179:14)
    at callWithErrorHandling (http://localhost:7777/node_modules/.vite/deps/chunk-FT3SB2S6.js?v=dc0701a7:2377:19)
    at callWithAsyncErrorHandling (http://localhost:7777/node_modules/.vite/deps/chunk-FT3SB2S6.js?v=dc0701a7:2384:17)
    at baseWatchOptions.call (http://localhost:7777/node_modules/.vite/deps/chunk-FT3SB2S6.js?v=dc0701a7:3071:47)
    at job (http://localhost:7777/node_modules/.vite/deps/chunk-FT3SB2S6.js?v=dc0701a7:2107:18)
    at watch (http://localhost:7777/node_modules/.vite/deps/chunk-FT3SB2S6.js?v=dc0701a7:2142:7)
    at doWatch (http://localhost:7777/node_modules/.vite/deps/chunk-FT3SB2S6.js?v=dc0701a7:3099:23)
    at watch2 (http://localhost:7777/node_modules/.vite/deps/chunk-FT3SB2S6.js?v=dc0701a7:3032:10)
    at useDeprecated (http://localhost:7777/node_modules/.vite/deps/element-plus.js?v=dc0701a7:10178:3) @ http://localhost:7777/node_modules/.vite/deps/element-plus.js?v=dc0701a7:9085
[  672494ms] [WARNING] ElementPlusError: [el-checkbox] [API] label act as value is about to be deprecated in version 3.0.0, please use value instead.
For more detail, please visit: https://element-plus.org/en-US/component/checkbox.html

    at debugWarn (http://localhost:7777/node_modules/.vite/deps/element-plus.js?v=dc0701a7:9085:37)
    at watch.immediate (http://localhost:7777/node_modules/.vite/deps/element-plus.js?v=dc0701a7:10179:14)
    at callWithErrorHandling (http://localhost:7777/node_modules/.vite/deps/chunk-FT3SB2S6.js?v=dc0701a7:2377:19)
    at callWithAsyncErrorHandling (http://localhost:7777/node_modules/.vite/deps/chunk-FT3SB2S6.js?v=dc0701a7:2384:17)
    at baseWatchOptions.call (http://localhost:7777/node_modules/.vite/deps/chunk-FT3SB2S6.js?v=dc0701a7:3071:47)
    at job (http://localhost:7777/node_modules/.vite/deps/chunk-FT3SB2S6.js?v=dc0701a7:2107:18)
    at watch (http://localhost:7777/node_modules/.vite/deps/chunk-FT3SB2S6.js?v=dc0701a7:2142:7)
    at doWatch (http://localhost:7777/node_modules/.vite/deps/chunk-FT3SB2S6.js?v=dc0701a7:3099:23)
    at watch2 (http://localhost:7777/node_modules/.vite/deps/chunk-FT3SB2S6.js?v=dc0701a7:3032:10)
    at useDeprecated (http://localhost:7777/node_modules/.vite/deps/element-plus.js?v=dc0701a7:10178:3) @ http://localhost:7777/node_modules/.vite/deps/element-plus.js?v=dc0701a7:9085
[  672494ms] [WARNING] ElementPlusError: [el-checkbox] [API] label act as value is about to be deprecated in version 3.0.0, please use value instead.
For more detail, please visit: https://element-plus.org/en-US/component/checkbox.html

    at debugWarn (http://localhost:7777/node_modules/.vite/deps/element-plus.js?v=dc0701a7:9085:37)
    at watch.immediate (http://localhost:7777/node_modules/.vite/deps/element-plus.js?v=dc0701a7:10179:14)
    at callWithErrorHandling (http://localhost:7777/node_modules/.vite/deps/chunk-FT3SB2S6.js?v=dc0701a7:2377:19)
    at callWithAsyncErrorHandling (http://localhost:7777/node_modules/.vite/deps/chunk-FT3SB2S6.js?v=dc0701a7:2384:17)
    at baseWatchOptions.call (http://localhost:7777/node_modules/.vite/deps/chunk-FT3SB2S6.js?v=dc0701a7:3071:47)
    at job (http://localhost:7777/node_modules/.vite/deps/chunk-FT3SB2S6.js?v=dc0701a7:2107:18)
    at watch (http://localhost:7777/node_modules/.vite/deps/chunk-FT3SB2S6.js?v=dc0701a7:2142:7)
    at doWatch (http://localhost:7777/node_modules/.vite/deps/chunk-FT3SB2S6.js?v=dc0701a7:3099:23)
    at watch2 (http://localhost:7777/node_modules/.vite/deps/chunk-FT3SB2S6.js?v=dc0701a7:3032:10)
    at useDeprecated (http://localhost:7777/node_modules/.vite/deps/element-plus.js?v=dc0701a7:10178:3) @ http://localhost:7777/node_modules/.vite/deps/element-plus.js?v=dc0701a7:9085
[  672494ms] [WARNING] ElementPlusError: [el-checkbox] [API] label act as value is about to be deprecated in version 3.0.0, please use value instead.
For more detail, please visit: https://element-plus.org/en-US/component/checkbox.html

    at debugWarn (http://localhost:7777/node_modules/.vite/deps/element-plus.js?v=dc0701a7:9085:37)
    at watch.immediate (http://localhost:7777/node_modules/.vite/deps/element-plus.js?v=dc0701a7:10179:14)
    at callWithErrorHandling (http://localhost:7777/node_modules/.vite/deps/chunk-FT3SB2S6.js?v=dc0701a7:2377:19)
    at callWithAsyncErrorHandling (http://localhost:7777/node_modules/.vite/deps/chunk-FT3SB2S6.js?v=dc0701a7:2384:17)
    at baseWatchOptions.call (http://localhost:7777/node_modules/.vite/deps/chunk-FT3SB2S6.js?v=dc0701a7:3071:47)
    at job (http://localhost:7777/node_modules/.vite/deps/chunk-FT3SB2S6.js?v=dc0701a7:2107:18)
    at watch (http://localhost:7777/node_modules/.vite/deps/chunk-FT3SB2S6.js?v=dc0701a7:2142:7)
    at doWatch (http://localhost:7777/node_modules/.vite/deps/chunk-FT3SB2S6.js?v=dc0701a7:3099:23)
    at watch2 (http://localhost:7777/node_modules/.vite/deps/chunk-FT3SB2S6.js?v=dc0701a7:3032:10)
    at useDeprecated (http://localhost:7777/node_modules/.vite/deps/element-plus.js?v=dc0701a7:10178:3) @ http://localhost:7777/node_modules/.vite/deps/element-plus.js?v=dc0701a7:9085
[  672494ms] [WARNING] ElementPlusError: [el-checkbox] [API] label act as value is about to be deprecated in version 3.0.0, please use value instead.
For more detail, please visit: https://element-plus.org/en-US/component/checkbox.html

    at debugWarn (http://localhost:7777/node_modules/.vite/deps/element-plus.js?v=dc0701a7:9085:37)
    at watch.immediate (http://localhost:7777/node_modules/.vite/deps/element-plus.js?v=dc0701a7:10179:14)
    at callWithErrorHandling (http://localhost:7777/node_modules/.vite/deps/chunk-FT3SB2S6.js?v=dc0701a7:2377:19)
    at callWithAsyncErrorHandling (http://localhost:7777/node_modules/.vite/deps/chunk-FT3SB2S6.js?v=dc0701a7:2384:17)
    at baseWatchOptions.call (http://localhost:7777/node_modules/.vite/deps/chunk-FT3SB2S6.js?v=dc0701a7:3071:47)
    at job (http://localhost:7777/node_modules/.vite/deps/chunk-FT3SB2S6.js?v=dc0701a7:2107:18)
    at watch (http://localhost:7777/node_modules/.vite/deps/chunk-FT3SB2S6.js?v=dc0701a7:2142:7)
    at doWatch (http://localhost:7777/node_modules/.vite/deps/chunk-FT3SB2S6.js?v=dc0701a7:3099:23)
    at watch2 (http://localhost:7777/node_modules/.vite/deps/chunk-FT3SB2S6.js?v=dc0701a7:3032:10)
    at useDeprecated (http://localhost:7777/node_modules/.vite/deps/element-plus.js?v=dc0701a7:10178:3) @ http://localhost:7777/node_modules/.vite/deps/element-plus.js?v=dc0701a7:9085
[  672494ms] [WARNING] ElementPlusError: [el-checkbox] [API] label act as value is about to be deprecated in version 3.0.0, please use value instead.
For more detail, please visit: https://element-plus.org/en-US/component/checkbox.html

    at debugWarn (http://localhost:7777/node_modules/.vite/deps/element-plus.js?v=dc0701a7:9085:37)
    at watch.immediate (http://localhost:7777/node_modules/.vite/deps/element-plus.js?v=dc0701a7:10179:14)
    at callWithErrorHandling (http://localhost:7777/node_modules/.vite/deps/chunk-FT3SB2S6.js?v=dc0701a7:2377:19)
    at callWithAsyncErrorHandling (http://localhost:7777/node_modules/.vite/deps/chunk-FT3SB2S6.js?v=dc0701a7:2384:17)
    at baseWatchOptions.call (http://localhost:7777/node_modules/.vite/deps/chunk-FT3SB2S6.js?v=dc0701a7:3071:47)
    at job (http://localhost:7777/node_modules/.vite/deps/chunk-FT3SB2S6.js?v=dc0701a7:2107:18)
    at watch (http://localhost:7777/node_modules/.vite/deps/chunk-FT3SB2S6.js?v=dc0701a7:2142:7)
    at doWatch (http://localhost:7777/node_modules/.vite/deps/chunk-FT3SB2S6.js?v=dc0701a7:3099:23)
    at watch2 (http://localhost:7777/node_modules/.vite/deps/chunk-FT3SB2S6.js?v=dc0701a7:3032:10)
    at useDeprecated (http://localhost:7777/node_modules/.vite/deps/element-plus.js?v=dc0701a7:10178:3) @ http://localhost:7777/node_modules/.vite/deps/element-plus.js?v=dc0701a7:9085
[  672494ms] [WARNING] ElementPlusError: [el-checkbox] [API] label act as value is about to be deprecated in version 3.0.0, please use value instead.
For more detail, please visit: https://element-plus.org/en-US/component/checkbox.html

    at debugWarn (http://localhost:7777/node_modules/.vite/deps/element-plus.js?v=dc0701a7:9085:37)
    at watch.immediate (http://localhost:7777/node_modules/.vite/deps/element-plus.js?v=dc0701a7:10179:14)
    at callWithErrorHandling (http://localhost:7777/node_modules/.vite/deps/chunk-FT3SB2S6.js?v=dc0701a7:2377:19)
    at callWithAsyncErrorHandling (http://localhost:7777/node_modules/.vite/deps/chunk-FT3SB2S6.js?v=dc0701a7:2384:17)
    at baseWatchOptions.call (http://localhost:7777/node_modules/.vite/deps/chunk-FT3SB2S6.js?v=dc0701a7:3071:47)
    at job (http://localhost:7777/node_modules/.vite/deps/chunk-FT3SB2S6.js?v=dc0701a7:2107:18)
    at watch (http://localhost:7777/node_modules/.vite/deps/chunk-FT3SB2S6.js?v=dc0701a7:2142:7)
    at doWatch (http://localhost:7777/node_modules/.vite/deps/chunk-FT3SB2S6.js?v=dc0701a7:3099:23)
    at watch2 (http://localhost:7777/node_modules/.vite/deps/chunk-FT3SB2S6.js?v=dc0701a7:3032:10)
    at useDeprecated (http://localhost:7777/node_modules/.vite/deps/element-plus.js?v=dc0701a7:10178:3) @ http://localhost:7777/node_modules/.vite/deps/element-plus.js?v=dc0701a7:9085
[  672495ms] [WARNING] ElementPlusError: [el-checkbox] [API] label act as value is about to be deprecated in version 3.0.0, please use value instead.
For more detail, please visit: https://element-plus.org/en-US/component/checkbox.html

    at debugWarn (http://localhost:7777/node_modules/.vite/deps/element-plus.js?v=dc0701a7:9085:37)
    at watch.immediate (http://localhost:7777/node_modules/.vite/deps/element-plus.js?v=dc0701a7:10179:14)
    at callWithErrorHandling (http://localhost:7777/node_modules/.vite/deps/chunk-FT3SB2S6.js?v=dc0701a7:2377:19)
    at callWithAsyncErrorHandling (http://localhost:7777/node_modules/.vite/deps/chunk-FT3SB2S6.js?v=dc0701a7:2384:17)
    at baseWatchOptions.call (http://localhost:7777/node_modules/.vite/deps/chunk-FT3SB2S6.js?v=dc0701a7:3071:47)
    at job (http://localhost:7777/node_modules/.vite/deps/chunk-FT3SB2S6.js?v=dc0701a7:2107:18)
    at watch (http://localhost:7777/node_modules/.vite/deps/chunk-FT3SB2S6.js?v=dc0701a7:2142:7)
    at doWatch (http://localhost:7777/node_modules/.vite/deps/chunk-FT3SB2S6.js?v=dc0701a7:3099:23)
    at watch2 (http://localhost:7777/node_modules/.vite/deps/chunk-FT3SB2S6.js?v=dc0701a7:3032:10)
    at useDeprecated (http://localhost:7777/node_modules/.vite/deps/element-plus.js?v=dc0701a7:10178:3) @ http://localhost:7777/node_modules/.vite/deps/element-plus.js?v=dc0701a7:9085
[  672495ms] [WARNING] ElementPlusError: [el-checkbox] [API] label act as value is about to be deprecated in version 3.0.0, please use value instead.
For more detail, please visit: https://element-plus.org/en-US/component/checkbox.html

    at debugWarn (http://localhost:7777/node_modules/.vite/deps/element-plus.js?v=dc0701a7:9085:37)
    at watch.immediate (http://localhost:7777/node_modules/.vite/deps/element-plus.js?v=dc0701a7:10179:14)
    at callWithErrorHandling (http://localhost:7777/node_modules/.vite/deps/chunk-FT3SB2S6.js?v=dc0701a7:2377:19)
    at callWithAsyncErrorHandling (http://localhost:7777/node_modules/.vite/deps/chunk-FT3SB2S6.js?v=dc0701a7:2384:17)
    at baseWatchOptions.call (http://localhost:7777/node_modules/.vite/deps/chunk-FT3SB2S6.js?v=dc0701a7:3071:47)
    at job (http://localhost:7777/node_modules/.vite/deps/chunk-FT3SB2S6.js?v=dc0701a7:2107:18)
    at watch (http://localhost:7777/node_modules/.vite/deps/chunk-FT3SB2S6.js?v=dc0701a7:2142:7)
    at doWatch (http://localhost:7777/node_modules/.vite/deps/chunk-FT3SB2S6.js?v=dc0701a7:3099:23)
    at watch2 (http://localhost:7777/node_modules/.vite/deps/chunk-FT3SB2S6.js?v=dc0701a7:3032:10)
    at useDeprecated (http://localhost:7777/node_modules/.vite/deps/element-plus.js?v=dc0701a7:10178:3) @ http://localhost:7777/node_modules/.vite/deps/element-plus.js?v=dc0701a7:9085
[  672495ms] [WARNING] ElementPlusError: [el-checkbox] [API] label act as value is about to be deprecated in version 3.0.0, please use value instead.
For more detail, please visit: https://element-plus.org/en-US/component/checkbox.html

    at debugWarn (http://localhost:7777/node_modules/.vite/deps/element-plus.js?v=dc0701a7:9085:37)
    at watch.immediate (http://localhost:7777/node_modules/.vite/deps/element-plus.js?v=dc0701a7:10179:14)
    at callWithErrorHandling (http://localhost:7777/node_modules/.vite/deps/chunk-FT3SB2S6.js?v=dc0701a7:2377:19)
    at callWithAsyncErrorHandling (http://localhost:7777/node_modules/.vite/deps/chunk-FT3SB2S6.js?v=dc0701a7:2384:17)
    at baseWatchOptions.call (http://localhost:7777/node_modules/.vite/deps/chunk-FT3SB2S6.js?v=dc0701a7:3071:47)
    at job (http://localhost:7777/node_modules/.vite/deps/chunk-FT3SB2S6.js?v=dc0701a7:2107:18)
    at watch (http://localhost:7777/node_modules/.vite/deps/chunk-FT3SB2S6.js?v=dc0701a7:2142:7)
    at doWatch (http://localhost:7777/node_modules/.vite/deps/chunk-FT3SB2S6.js?v=dc0701a7:3099:23)
    at watch2 (http://localhost:7777/node_modules/.vite/deps/chunk-FT3SB2S6.js?v=dc0701a7:3032:10)
    at useDeprecated (http://localhost:7777/node_modules/.vite/deps/element-plus.js?v=dc0701a7:10178:3) @ http://localhost:7777/node_modules/.vite/deps/element-plus.js?v=dc0701a7:9085
[  672495ms] [WARNING] ElementPlusError: [el-checkbox] [API] label act as value is about to be deprecated in version 3.0.0, please use value instead.
For more detail, please visit: https://element-plus.org/en-US/component/checkbox.html

    at debugWarn (http://localhost:7777/node_modules/.vite/deps/element-plus.js?v=dc0701a7:9085:37)
    at watch.immediate (http://localhost:7777/node_modules/.vite/deps/element-plus.js?v=dc0701a7:10179:14)
    at callWithErrorHandling (http://localhost:7777/node_modules/.vite/deps/chunk-FT3SB2S6.js?v=dc0701a7:2377:19)
    at callWithAsyncErrorHandling (http://localhost:7777/node_modules/.vite/deps/chunk-FT3SB2S6.js?v=dc0701a7:2384:17)
    at baseWatchOptions.call (http://localhost:7777/node_modules/.vite/deps/chunk-FT3SB2S6.js?v=dc0701a7:3071:47)
    at job (http://localhost:7777/node_modules/.vite/deps/chunk-FT3SB2S6.js?v=dc0701a7:2107:18)
    at watch (http://localhost:7777/node_modules/.vite/deps/chunk-FT3SB2S6.js?v=dc0701a7:2142:7)
    at doWatch (http://localhost:7777/node_modules/.vite/deps/chunk-FT3SB2S6.js?v=dc0701a7:3099:23)
    at watch2 (http://localhost:7777/node_modules/.vite/deps/chunk-FT3SB2S6.js?v=dc0701a7:3032:10)
    at useDeprecated (http://localhost:7777/node_modules/.vite/deps/element-plus.js?v=dc0701a7:10178:3) @ http://localhost:7777/node_modules/.vite/deps/element-plus.js?v=dc0701a7:9085
[  672495ms] [WARNING] ElementPlusError: [el-checkbox] [API] label act as value is about to be deprecated in version 3.0.0, please use value instead.
For more detail, please visit: https://element-plus.org/en-US/component/checkbox.html

    at debugWarn (http://localhost:7777/node_modules/.vite/deps/element-plus.js?v=dc0701a7:9085:37)
    at watch.immediate (http://localhost:7777/node_modules/.vite/deps/element-plus.js?v=dc0701a7:10179:14)
    at callWithErrorHandling (http://localhost:7777/node_modules/.vite/deps/chunk-FT3SB2S6.js?v=dc0701a7:2377:19)
    at callWithAsyncErrorHandling (http://localhost:7777/node_modules/.vite/deps/chunk-FT3SB2S6.js?v=dc0701a7:2384:17)
    at baseWatchOptions.call (http://localhost:7777/node_modules/.vite/deps/chunk-FT3SB2S6.js?v=dc0701a7:3071:47)
    at job (http://localhost:7777/node_modules/.vite/deps/chunk-FT3SB2S6.js?v=dc0701a7:2107:18)
    at watch (http://localhost:7777/node_modules/.vite/deps/chunk-FT3SB2S6.js?v=dc0701a7:2142:7)
    at doWatch (http://localhost:7777/node_modules/.vite/deps/chunk-FT3SB2S6.js?v=dc0701a7:3099:23)
    at watch2 (http://localhost:7777/node_modules/.vite/deps/chunk-FT3SB2S6.js?v=dc0701a7:3032:10)
    at useDeprecated (http://localhost:7777/node_modules/.vite/deps/element-plus.js?v=dc0701a7:10178:3) @ http://localhost:7777/node_modules/.vite/deps/element-plus.js?v=dc0701a7:9085
[  672495ms] [WARNING] ElementPlusError: [el-checkbox] [API] label act as value is about to be deprecated in version 3.0.0, please use value instead.
For more detail, please visit: https://element-plus.org/en-US/component/checkbox.html

    at debugWarn (http://localhost:7777/node_modules/.vite/deps/element-plus.js?v=dc0701a7:9085:37)
    at watch.immediate (http://localhost:7777/node_modules/.vite/deps/element-plus.js?v=dc0701a7:10179:14)
    at callWithErrorHandling (http://localhost:7777/node_modules/.vite/deps/chunk-FT3SB2S6.js?v=dc0701a7:2377:19)
    at callWithAsyncErrorHandling (http://localhost:7777/node_modules/.vite/deps/chunk-FT3SB2S6.js?v=dc0701a7:2384:17)
    at baseWatchOptions.call (http://localhost:7777/node_modules/.vite/deps/chunk-FT3SB2S6.js?v=dc0701a7:3071:47)
    at job (http://localhost:7777/node_modules/.vite/deps/chunk-FT3SB2S6.js?v=dc0701a7:2107:18)
    at watch (http://localhost:7777/node_modules/.vite/deps/chunk-FT3SB2S6.js?v=dc0701a7:2142:7)
    at doWatch (http://localhost:7777/node_modules/.vite/deps/chunk-FT3SB2S6.js?v=dc0701a7:3099:23)
    at watch2 (http://localhost:7777/node_modules/.vite/deps/chunk-FT3SB2S6.js?v=dc0701a7:3032:10)
    at useDeprecated (http://localhost:7777/node_modules/.vite/deps/element-plus.js?v=dc0701a7:10178:3) @ http://localhost:7777/node_modules/.vite/deps/element-plus.js?v=dc0701a7:9085
[  672495ms] [WARNING] ElementPlusError: [el-checkbox] [API] label act as value is about to be deprecated in version 3.0.0, please use value instead.
For more detail, please visit: https://element-plus.org/en-US/component/checkbox.html

    at debugWarn (http://localhost:7777/node_modules/.vite/deps/element-plus.js?v=dc0701a7:9085:37)
    at watch.immediate (http://localhost:7777/node_modules/.vite/deps/element-plus.js?v=dc0701a7:10179:14)
    at callWithErrorHandling (http://localhost:7777/node_modules/.vite/deps/chunk-FT3SB2S6.js?v=dc0701a7:2377:19)
    at callWithAsyncErrorHandling (http://localhost:7777/node_modules/.vite/deps/chunk-FT3SB2S6.js?v=dc0701a7:2384:17)
    at baseWatchOptions.call (http://localhost:7777/node_modules/.vite/deps/chunk-FT3SB2S6.js?v=dc0701a7:3071:47)
    at job (http://localhost:7777/node_modules/.vite/deps/chunk-FT3SB2S6.js?v=dc0701a7:2107:18)
    at watch (http://localhost:7777/node_modules/.vite/deps/chunk-FT3SB2S6.js?v=dc0701a7:2142:7)
    at doWatch (http://localhost:7777/node_modules/.vite/deps/chunk-FT3SB2S6.js?v=dc0701a7:3099:23)
    at watch2 (http://localhost:7777/node_modules/.vite/deps/chunk-FT3SB2S6.js?v=dc0701a7:3032:10)
    at useDeprecated (http://localhost:7777/node_modules/.vite/deps/element-plus.js?v=dc0701a7:10178:3) @ http://localhost:7777/node_modules/.vite/deps/element-plus.js?v=dc0701a7:9085
[  672496ms] [WARNING] ElementPlusError: [el-checkbox] [API] label act as value is about to be deprecated in version 3.0.0, please use value instead.
For more detail, please visit: https://element-plus.org/en-US/component/checkbox.html

    at debugWarn (http://localhost:7777/node_modules/.vite/deps/element-plus.js?v=dc0701a7:9085:37)
    at watch.immediate (http://localhost:7777/node_modules/.vite/deps/element-plus.js?v=dc0701a7:10179:14)
    at callWithErrorHandling (http://localhost:7777/node_modules/.vite/deps/chunk-FT3SB2S6.js?v=dc0701a7:2377:19)
    at callWithAsyncErrorHandling (http://localhost:7777/node_modules/.vite/deps/chunk-FT3SB2S6.js?v=dc0701a7:2384:17)
    at baseWatchOptions.call (http://localhost:7777/node_modules/.vite/deps/chunk-FT3SB2S6.js?v=dc0701a7:3071:47)
    at job (http://localhost:7777/node_modules/.vite/deps/chunk-FT3SB2S6.js?v=dc0701a7:2107:18)
    at watch (http://localhost:7777/node_modules/.vite/deps/chunk-FT3SB2S6.js?v=dc0701a7:2142:7)
    at doWatch (http://localhost:7777/node_modules/.vite/deps/chunk-FT3SB2S6.js?v=dc0701a7:3099:23)
    at watch2 (http://localhost:7777/node_modules/.vite/deps/chunk-FT3SB2S6.js?v=dc0701a7:3032:10)
    at useDeprecated (http://localhost:7777/node_modules/.vite/deps/element-plus.js?v=dc0701a7:10178:3) @ http://localhost:7777/node_modules/.vite/deps/element-plus.js?v=dc0701a7:9085
[  672496ms] [WARNING] ElementPlusError: [el-checkbox] [API] label act as value is about to be deprecated in version 3.0.0, please use value instead.
For more detail, please visit: https://element-plus.org/en-US/component/checkbox.html

    at debugWarn (http://localhost:7777/node_modules/.vite/deps/element-plus.js?v=dc0701a7:9085:37)
    at watch.immediate (http://localhost:7777/node_modules/.vite/deps/element-plus.js?v=dc0701a7:10179:14)
    at callWithErrorHandling (http://localhost:7777/node_modules/.vite/deps/chunk-FT3SB2S6.js?v=dc0701a7:2377:19)
    at callWithAsyncErrorHandling (http://localhost:7777/node_modules/.vite/deps/chunk-FT3SB2S6.js?v=dc0701a7:2384:17)
    at baseWatchOptions.call (http://localhost:7777/node_modules/.vite/deps/chunk-FT3SB2S6.js?v=dc0701a7:3071:47)
    at job (http://localhost:7777/node_modules/.vite/deps/chunk-FT3SB2S6.js?v=dc0701a7:2107:18)
    at watch (http://localhost:7777/node_modules/.vite/deps/chunk-FT3SB2S6.js?v=dc0701a7:2142:7)
    at doWatch (http://localhost:7777/node_modules/.vite/deps/chunk-FT3SB2S6.js?v=dc0701a7:3099:23)
    at watch2 (http://localhost:7777/node_modules/.vite/deps/chunk-FT3SB2S6.js?v=dc0701a7:3032:10)
    at useDeprecated (http://localhost:7777/node_modules/.vite/deps/element-plus.js?v=dc0701a7:10178:3) @ http://localhost:7777/node_modules/.vite/deps/element-plus.js?v=dc0701a7:9085
[  672496ms] [WARNING] ElementPlusError: [el-checkbox] [API] label act as value is about to be deprecated in version 3.0.0, please use value instead.
For more detail, please visit: https://element-plus.org/en-US/component/checkbox.html

    at debugWarn (http://localhost:7777/node_modules/.vite/deps/element-plus.js?v=dc0701a7:9085:37)
    at watch.immediate (http://localhost:7777/node_modules/.vite/deps/element-plus.js?v=dc0701a7:10179:14)
    at callWithErrorHandling (http://localhost:7777/node_modules/.vite/deps/chunk-FT3SB2S6.js?v=dc0701a7:2377:19)
    at callWithAsyncErrorHandling (http://localhost:7777/node_modules/.vite/deps/chunk-FT3SB2S6.js?v=dc0701a7:2384:17)
    at baseWatchOptions.call (http://localhost:7777/node_modules/.vite/deps/chunk-FT3SB2S6.js?v=dc0701a7:3071:47)
    at job (http://localhost:7777/node_modules/.vite/deps/chunk-FT3SB2S6.js?v=dc0701a7:2107:18)
    at watch (http://localhost:7777/node_modules/.vite/deps/chunk-FT3SB2S6.js?v=dc0701a7:2142:7)
    at doWatch (http://localhost:7777/node_modules/.vite/deps/chunk-FT3SB2S6.js?v=dc0701a7:3099:23)
    at watch2 (http://localhost:7777/node_modules/.vite/deps/chunk-FT3SB2S6.js?v=dc0701a7:3032:10)
    at useDeprecated (http://localhost:7777/node_modules/.vite/deps/element-plus.js?v=dc0701a7:10178:3) @ http://localhost:7777/node_modules/.vite/deps/element-plus.js?v=dc0701a7:9085
[  672496ms] [WARNING] ElementPlusError: [el-checkbox] [API] label act as value is about to be deprecated in version 3.0.0, please use value instead.
For more detail, please visit: https://element-plus.org/en-US/component/checkbox.html

    at debugWarn (http://localhost:7777/node_modules/.vite/deps/element-plus.js?v=dc0701a7:9085:37)
    at watch.immediate (http://localhost:7777/node_modules/.vite/deps/element-plus.js?v=dc0701a7:10179:14)
    at callWithErrorHandling (http://localhost:7777/node_modules/.vite/deps/chunk-FT3SB2S6.js?v=dc0701a7:2377:19)
    at callWithAsyncErrorHandling (http://localhost:7777/node_modules/.vite/deps/chunk-FT3SB2S6.js?v=dc0701a7:2384:17)
    at baseWatchOptions.call (http://localhost:7777/node_modules/.vite/deps/chunk-FT3SB2S6.js?v=dc0701a7:3071:47)
    at job (http://localhost:7777/node_modules/.vite/deps/chunk-FT3SB2S6.js?v=dc0701a7:2107:18)
    at watch (http://localhost:7777/node_modules/.vite/deps/chunk-FT3SB2S6.js?v=dc0701a7:2142:7)
    at doWatch (http://localhost:7777/node_modules/.vite/deps/chunk-FT3SB2S6.js?v=dc0701a7:3099:23)
    at watch2 (http://localhost:7777/node_modules/.vite/deps/chunk-FT3SB2S6.js?v=dc0701a7:3032:10)
    at useDeprecated (http://localhost:7777/node_modules/.vite/deps/element-plus.js?v=dc0701a7:10178:3) @ http://localhost:7777/node_modules/.vite/deps/element-plus.js?v=dc0701a7:9085
[  672496ms] [WARNING] ElementPlusError: [el-checkbox] [API] label act as value is about to be deprecated in version 3.0.0, please use value instead.
For more detail, please visit: https://element-plus.org/en-US/component/checkbox.html

    at debugWarn (http://localhost:7777/node_modules/.vite/deps/element-plus.js?v=dc0701a7:9085:37)
    at watch.immediate (http://localhost:7777/node_modules/.vite/deps/element-plus.js?v=dc0701a7:10179:14)
    at callWithErrorHandling (http://localhost:7777/node_modules/.vite/deps/chunk-FT3SB2S6.js?v=dc0701a7:2377:19)
    at callWithAsyncErrorHandling (http://localhost:7777/node_modules/.vite/deps/chunk-FT3SB2S6.js?v=dc0701a7:2384:17)
    at baseWatchOptions.call (http://localhost:7777/node_modules/.vite/deps/chunk-FT3SB2S6.js?v=dc0701a7:3071:47)
    at job (http://localhost:7777/node_modules/.vite/deps/chunk-FT3SB2S6.js?v=dc0701a7:2107:18)
    at watch (http://localhost:7777/node_modules/.vite/deps/chunk-FT3SB2S6.js?v=dc0701a7:2142:7)
    at doWatch (http://localhost:7777/node_modules/.vite/deps/chunk-FT3SB2S6.js?v=dc0701a7:3099:23)
    at watch2 (http://localhost:7777/node_modules/.vite/deps/chunk-FT3SB2S6.js?v=dc0701a7:3032:10)
    at useDeprecated (http://localhost:7777/node_modules/.vite/deps/element-plus.js?v=dc0701a7:10178:3) @ http://localhost:7777/node_modules/.vite/deps/element-plus.js?v=dc0701a7:9085
[  672496ms] [WARNING] ElementPlusError: [el-checkbox] [API] label act as value is about to be deprecated in version 3.0.0, please use value instead.
For more detail, please visit: https://element-plus.org/en-US/component/checkbox.html

    at debugWarn (http://localhost:7777/node_modules/.vite/deps/element-plus.js?v=dc0701a7:9085:37)
    at watch.immediate (http://localhost:7777/node_modules/.vite/deps/element-plus.js?v=dc0701a7:10179:14)
    at callWithErrorHandling (http://localhost:7777/node_modules/.vite/deps/chunk-FT3SB2S6.js?v=dc0701a7:2377:19)
    at callWithAsyncErrorHandling (http://localhost:7777/node_modules/.vite/deps/chunk-FT3SB2S6.js?v=dc0701a7:2384:17)
    at baseWatchOptions.call (http://localhost:7777/node_modules/.vite/deps/chunk-FT3SB2S6.js?v=dc0701a7:3071:47)
    at job (http://localhost:7777/node_modules/.vite/deps/chunk-FT3SB2S6.js?v=dc0701a7:2107:18)
    at watch (http://localhost:7777/node_modules/.vite/deps/chunk-FT3SB2S6.js?v=dc0701a7:2142:7)
    at doWatch (http://localhost:7777/node_modules/.vite/deps/chunk-FT3SB2S6.js?v=dc0701a7:3099:23)
    at watch2 (http://localhost:7777/node_modules/.vite/deps/chunk-FT3SB2S6.js?v=dc0701a7:3032:10)
    at useDeprecated (http://localhost:7777/node_modules/.vite/deps/element-plus.js?v=dc0701a7:10178:3) @ http://localhost:7777/node_modules/.vite/deps/element-plus.js?v=dc0701a7:9085
[  672497ms] [WARNING] ElementPlusError: [el-checkbox] [API] label act as value is about to be deprecated in version 3.0.0, please use value instead.
For more detail, please visit: https://element-plus.org/en-US/component/checkbox.html

    at debugWarn (http://localhost:7777/node_modules/.vite/deps/element-plus.js?v=dc0701a7:9085:37)
    at watch.immediate (http://localhost:7777/node_modules/.vite/deps/element-plus.js?v=dc0701a7:10179:14)
    at callWithErrorHandling (http://localhost:7777/node_modules/.vite/deps/chunk-FT3SB2S6.js?v=dc0701a7:2377:19)
    at callWithAsyncErrorHandling (http://localhost:7777/node_modules/.vite/deps/chunk-FT3SB2S6.js?v=dc0701a7:2384:17)
    at baseWatchOptions.call (http://localhost:7777/node_modules/.vite/deps/chunk-FT3SB2S6.js?v=dc0701a7:3071:47)
    at job (http://localhost:7777/node_modules/.vite/deps/chunk-FT3SB2S6.js?v=dc0701a7:2107:18)
    at watch (http://localhost:7777/node_modules/.vite/deps/chunk-FT3SB2S6.js?v=dc0701a7:2142:7)
    at doWatch (http://localhost:7777/node_modules/.vite/deps/chunk-FT3SB2S6.js?v=dc0701a7:3099:23)
    at watch2 (http://localhost:7777/node_modules/.vite/deps/chunk-FT3SB2S6.js?v=dc0701a7:3032:10)
    at useDeprecated (http://localhost:7777/node_modules/.vite/deps/element-plus.js?v=dc0701a7:10178:3) @ http://localhost:7777/node_modules/.vite/deps/element-plus.js?v=dc0701a7:9085
[  672497ms] [WARNING] ElementPlusError: [el-checkbox] [API] label act as value is about to be deprecated in version 3.0.0, please use value instead.
For more detail, please visit: https://element-plus.org/en-US/component/checkbox.html

    at debugWarn (http://localhost:7777/node_modules/.vite/deps/element-plus.js?v=dc0701a7:9085:37)
    at watch.immediate (http://localhost:7777/node_modules/.vite/deps/element-plus.js?v=dc0701a7:10179:14)
    at callWithErrorHandling (http://localhost:7777/node_modules/.vite/deps/chunk-FT3SB2S6.js?v=dc0701a7:2377:19)
    at callWithAsyncErrorHandling (http://localhost:7777/node_modules/.vite/deps/chunk-FT3SB2S6.js?v=dc0701a7:2384:17)
    at baseWatchOptions.call (http://localhost:7777/node_modules/.vite/deps/chunk-FT3SB2S6.js?v=dc0701a7:3071:47)
    at job (http://localhost:7777/node_modules/.vite/deps/chunk-FT3SB2S6.js?v=dc0701a7:2107:18)
    at watch (http://localhost:7777/node_modules/.vite/deps/chunk-FT3SB2S6.js?v=dc0701a7:2142:7)
    at doWatch (http://localhost:7777/node_modules/.vite/deps/chunk-FT3SB2S6.js?v=dc0701a7:3099:23)
    at watch2 (http://localhost:7777/node_modules/.vite/deps/chunk-FT3SB2S6.js?v=dc0701a7:3032:10)
    at useDeprecated (http://localhost:7777/node_modules/.vite/deps/element-plus.js?v=dc0701a7:10178:3) @ http://localhost:7777/node_modules/.vite/deps/element-plus.js?v=dc0701a7:9085
[  672497ms] [WARNING] ElementPlusError: [el-checkbox] [API] label act as value is about to be deprecated in version 3.0.0, please use value instead.
For more detail, please visit: https://element-plus.org/en-US/component/checkbox.html

    at debugWarn (http://localhost:7777/node_modules/.vite/deps/element-plus.js?v=dc0701a7:9085:37)
    at watch.immediate (http://localhost:7777/node_modules/.vite/deps/element-plus.js?v=dc0701a7:10179:14)
    at callWithErrorHandling (http://localhost:7777/node_modules/.vite/deps/chunk-FT3SB2S6.js?v=dc0701a7:2377:19)
    at callWithAsyncErrorHandling (http://localhost:7777/node_modules/.vite/deps/chunk-FT3SB2S6.js?v=dc0701a7:2384:17)
    at baseWatchOptions.call (http://localhost:7777/node_modules/.vite/deps/chunk-FT3SB2S6.js?v=dc0701a7:3071:47)
    at job (http://localhost:7777/node_modules/.vite/deps/chunk-FT3SB2S6.js?v=dc0701a7:2107:18)
    at watch (http://localhost:7777/node_modules/.vite/deps/chunk-FT3SB2S6.js?v=dc0701a7:2142:7)
    at doWatch (http://localhost:7777/node_modules/.vite/deps/chunk-FT3SB2S6.js?v=dc0701a7:3099:23)
    at watch2 (http://localhost:7777/node_modules/.vite/deps/chunk-FT3SB2S6.js?v=dc0701a7:3032:10)
    at useDeprecated (http://localhost:7777/node_modules/.vite/deps/element-plus.js?v=dc0701a7:10178:3) @ http://localhost:7777/node_modules/.vite/deps/element-plus.js?v=dc0701a7:9085
[  672497ms] [WARNING] ElementPlusError: [el-checkbox] [API] label act as value is about to be deprecated in version 3.0.0, please use value instead.
For more detail, please visit: https://element-plus.org/en-US/component/checkbox.html

    at debugWarn (http://localhost:7777/node_modules/.vite/deps/element-plus.js?v=dc0701a7:9085:37)
    at watch.immediate (http://localhost:7777/node_modules/.vite/deps/element-plus.js?v=dc0701a7:10179:14)
    at callWithErrorHandling (http://localhost:7777/node_modules/.vite/deps/chunk-FT3SB2S6.js?v=dc0701a7:2377:19)
    at callWithAsyncErrorHandling (http://localhost:7777/node_modules/.vite/deps/chunk-FT3SB2S6.js?v=dc0701a7:2384:17)
    at baseWatchOptions.call (http://localhost:7777/node_modules/.vite/deps/chunk-FT3SB2S6.js?v=dc0701a7:3071:47)
    at job (http://localhost:7777/node_modules/.vite/deps/chunk-FT3SB2S6.js?v=dc0701a7:2107:18)
    at watch (http://localhost:7777/node_modules/.vite/deps/chunk-FT3SB2S6.js?v=dc0701a7:2142:7)
    at doWatch (http://localhost:7777/node_modules/.vite/deps/chunk-FT3SB2S6.js?v=dc0701a7:3099:23)
    at watch2 (http://localhost:7777/node_modules/.vite/deps/chunk-FT3SB2S6.js?v=dc0701a7:3032:10)
    at useDeprecated (http://localhost:7777/node_modules/.vite/deps/element-plus.js?v=dc0701a7:10178:3) @ http://localhost:7777/node_modules/.vite/deps/element-plus.js?v=dc0701a7:9085
[  672497ms] [WARNING] ElementPlusError: [el-checkbox] [API] label act as value is about to be deprecated in version 3.0.0, please use value instead.
For more detail, please visit: https://element-plus.org/en-US/component/checkbox.html

    at debugWarn (http://localhost:7777/node_modules/.vite/deps/element-plus.js?v=dc0701a7:9085:37)
    at watch.immediate (http://localhost:7777/node_modules/.vite/deps/element-plus.js?v=dc0701a7:10179:14)
    at callWithErrorHandling (http://localhost:7777/node_modules/.vite/deps/chunk-FT3SB2S6.js?v=dc0701a7:2377:19)
    at callWithAsyncErrorHandling (http://localhost:7777/node_modules/.vite/deps/chunk-FT3SB2S6.js?v=dc0701a7:2384:17)
    at baseWatchOptions.call (http://localhost:7777/node_modules/.vite/deps/chunk-FT3SB2S6.js?v=dc0701a7:3071:47)
    at job (http://localhost:7777/node_modules/.vite/deps/chunk-FT3SB2S6.js?v=dc0701a7:2107:18)
    at watch (http://localhost:7777/node_modules/.vite/deps/chunk-FT3SB2S6.js?v=dc0701a7:2142:7)
    at doWatch (http://localhost:7777/node_modules/.vite/deps/chunk-FT3SB2S6.js?v=dc0701a7:3099:23)
    at watch2 (http://localhost:7777/node_modules/.vite/deps/chunk-FT3SB2S6.js?v=dc0701a7:3032:10)
    at useDeprecated (http://localhost:7777/node_modules/.vite/deps/element-plus.js?v=dc0701a7:10178:3) @ http://localhost:7777/node_modules/.vite/deps/element-plus.js?v=dc0701a7:9085
[  672497ms] [WARNING] ElementPlusError: [el-checkbox] [API] label act as value is about to be deprecated in version 3.0.0, please use value instead.
For more detail, please visit: https://element-plus.org/en-US/component/checkbox.html

    at debugWarn (http://localhost:7777/node_modules/.vite/deps/element-plus.js?v=dc0701a7:9085:37)
    at watch.immediate (http://localhost:7777/node_modules/.vite/deps/element-plus.js?v=dc0701a7:10179:14)
    at callWithErrorHandling (http://localhost:7777/node_modules/.vite/deps/chunk-FT3SB2S6.js?v=dc0701a7:2377:19)
    at callWithAsyncErrorHandling (http://localhost:7777/node_modules/.vite/deps/chunk-FT3SB2S6.js?v=dc0701a7:2384:17)
    at baseWatchOptions.call (http://localhost:7777/node_modules/.vite/deps/chunk-FT3SB2S6.js?v=dc0701a7:3071:47)
    at job (http://localhost:7777/node_modules/.vite/deps/chunk-FT3SB2S6.js?v=dc0701a7:2107:18)
    at watch (http://localhost:7777/node_modules/.vite/deps/chunk-FT3SB2S6.js?v=dc0701a7:2142:7)
    at doWatch (http://localhost:7777/node_modules/.vite/deps/chunk-FT3SB2S6.js?v=dc0701a7:3099:23)
    at watch2 (http://localhost:7777/node_modules/.vite/deps/chunk-FT3SB2S6.js?v=dc0701a7:3032:10)
    at useDeprecated (http://localhost:7777/node_modules/.vite/deps/element-plus.js?v=dc0701a7:10178:3) @ http://localhost:7777/node_modules/.vite/deps/element-plus.js?v=dc0701a7:9085
[  672498ms] [WARNING] ElementPlusError: [el-checkbox] [API] label act as value is about to be deprecated in version 3.0.0, please use value instead.
For more detail, please visit: https://element-plus.org/en-US/component/checkbox.html

    at debugWarn (http://localhost:7777/node_modules/.vite/deps/element-plus.js?v=dc0701a7:9085:37)
    at watch.immediate (http://localhost:7777/node_modules/.vite/deps/element-plus.js?v=dc0701a7:10179:14)
    at callWithErrorHandling (http://localhost:7777/node_modules/.vite/deps/chunk-FT3SB2S6.js?v=dc0701a7:2377:19)
    at callWithAsyncErrorHandling (http://localhost:7777/node_modules/.vite/deps/chunk-FT3SB2S6.js?v=dc0701a7:2384:17)
    at baseWatchOptions.call (http://localhost:7777/node_modules/.vite/deps/chunk-FT3SB2S6.js?v=dc0701a7:3071:47)
    at job (http://localhost:7777/node_modules/.vite/deps/chunk-FT3SB2S6.js?v=dc0701a7:2107:18)
    at watch (http://localhost:7777/node_modules/.vite/deps/chunk-FT3SB2S6.js?v=dc0701a7:2142:7)
    at doWatch (http://localhost:7777/node_modules/.vite/deps/chunk-FT3SB2S6.js?v=dc0701a7:3099:23)
    at watch2 (http://localhost:7777/node_modules/.vite/deps/chunk-FT3SB2S6.js?v=dc0701a7:3032:10)
    at useDeprecated (http://localhost:7777/node_modules/.vite/deps/element-plus.js?v=dc0701a7:10178:3) @ http://localhost:7777/node_modules/.vite/deps/element-plus.js?v=dc0701a7:9085
[  672498ms] [WARNING] ElementPlusError: [el-checkbox] [API] label act as value is about to be deprecated in version 3.0.0, please use value instead.
For more detail, please visit: https://element-plus.org/en-US/component/checkbox.html

    at debugWarn (http://localhost:7777/node_modules/.vite/deps/element-plus.js?v=dc0701a7:9085:37)
    at watch.immediate (http://localhost:7777/node_modules/.vite/deps/element-plus.js?v=dc0701a7:10179:14)
    at callWithErrorHandling (http://localhost:7777/node_modules/.vite/deps/chunk-FT3SB2S6.js?v=dc0701a7:2377:19)
    at callWithAsyncErrorHandling (http://localhost:7777/node_modules/.vite/deps/chunk-FT3SB2S6.js?v=dc0701a7:2384:17)
    at baseWatchOptions.call (http://localhost:7777/node_modules/.vite/deps/chunk-FT3SB2S6.js?v=dc0701a7:3071:47)
    at job (http://localhost:7777/node_modules/.vite/deps/chunk-FT3SB2S6.js?v=dc0701a7:2107:18)
    at watch (http://localhost:7777/node_modules/.vite/deps/chunk-FT3SB2S6.js?v=dc0701a7:2142:7)
    at doWatch (http://localhost:7777/node_modules/.vite/deps/chunk-FT3SB2S6.js?v=dc0701a7:3099:23)
    at watch2 (http://localhost:7777/node_modules/.vite/deps/chunk-FT3SB2S6.js?v=dc0701a7:3032:10)
    at useDeprecated (http://localhost:7777/node_modules/.vite/deps/element-plus.js?v=dc0701a7:10178:3) @ http://localhost:7777/node_modules/.vite/deps/element-plus.js?v=dc0701a7:9085
[  672498ms] [WARNING] ElementPlusError: [el-checkbox] [API] label act as value is about to be deprecated in version 3.0.0, please use value instead.
For more detail, please visit: https://element-plus.org/en-US/component/checkbox.html

    at debugWarn (http://localhost:7777/node_modules/.vite/deps/element-plus.js?v=dc0701a7:9085:37)
    at watch.immediate (http://localhost:7777/node_modules/.vite/deps/element-plus.js?v=dc0701a7:10179:14)
    at callWithErrorHandling (http://localhost:7777/node_modules/.vite/deps/chunk-FT3SB2S6.js?v=dc0701a7:2377:19)
    at callWithAsyncErrorHandling (http://localhost:7777/node_modules/.vite/deps/chunk-FT3SB2S6.js?v=dc0701a7:2384:17)
    at baseWatchOptions.call (http://localhost:7777/node_modules/.vite/deps/chunk-FT3SB2S6.js?v=dc0701a7:3071:47)
    at job (http://localhost:7777/node_modules/.vite/deps/chunk-FT3SB2S6.js?v=dc0701a7:2107:18)
    at watch (http://localhost:7777/node_modules/.vite/deps/chunk-FT3SB2S6.js?v=dc0701a7:2142:7)
    at doWatch (http://localhost:7777/node_modules/.vite/deps/chunk-FT3SB2S6.js?v=dc0701a7:3099:23)
    at watch2 (http://localhost:7777/node_modules/.vite/deps/chunk-FT3SB2S6.js?v=dc0701a7:3032:10)
    at useDeprecated (http://localhost:7777/node_modules/.vite/deps/element-plus.js?v=dc0701a7:10178:3) @ http://localhost:7777/node_modules/.vite/deps/element-plus.js?v=dc0701a7:9085
[  672498ms] [WARNING] ElementPlusError: [el-checkbox] [API] label act as value is about to be deprecated in version 3.0.0, please use value instead.
For more detail, please visit: https://element-plus.org/en-US/component/checkbox.html

    at debugWarn (http://localhost:7777/node_modules/.vite/deps/element-plus.js?v=dc0701a7:9085:37)
    at watch.immediate (http://localhost:7777/node_modules/.vite/deps/element-plus.js?v=dc0701a7:10179:14)
    at callWithErrorHandling (http://localhost:7777/node_modules/.vite/deps/chunk-FT3SB2S6.js?v=dc0701a7:2377:19)
    at callWithAsyncErrorHandling (http://localhost:7777/node_modules/.vite/deps/chunk-FT3SB2S6.js?v=dc0701a7:2384:17)
    at baseWatchOptions.call (http://localhost:7777/node_modules/.vite/deps/chunk-FT3SB2S6.js?v=dc0701a7:3071:47)
    at job (http://localhost:7777/node_modules/.vite/deps/chunk-FT3SB2S6.js?v=dc0701a7:2107:18)
    at watch (http://localhost:7777/node_modules/.vite/deps/chunk-FT3SB2S6.js?v=dc0701a7:2142:7)
    at doWatch (http://localhost:7777/node_modules/.vite/deps/chunk-FT3SB2S6.js?v=dc0701a7:3099:23)
    at watch2 (http://localhost:7777/node_modules/.vite/deps/chunk-FT3SB2S6.js?v=dc0701a7:3032:10)
    at useDeprecated (http://localhost:7777/node_modules/.vite/deps/element-plus.js?v=dc0701a7:10178:3) @ http://localhost:7777/node_modules/.vite/deps/element-plus.js?v=dc0701a7:9085
[  672498ms] [WARNING] ElementPlusError: [el-checkbox] [API] label act as value is about to be deprecated in version 3.0.0, please use value instead.
For more detail, please visit: https://element-plus.org/en-US/component/checkbox.html

    at debugWarn (http://localhost:7777/node_modules/.vite/deps/element-plus.js?v=dc0701a7:9085:37)
    at watch.immediate (http://localhost:7777/node_modules/.vite/deps/element-plus.js?v=dc0701a7:10179:14)
    at callWithErrorHandling (http://localhost:7777/node_modules/.vite/deps/chunk-FT3SB2S6.js?v=dc0701a7:2377:19)
    at callWithAsyncErrorHandling (http://localhost:7777/node_modules/.vite/deps/chunk-FT3SB2S6.js?v=dc0701a7:2384:17)
    at baseWatchOptions.call (http://localhost:7777/node_modules/.vite/deps/chunk-FT3SB2S6.js?v=dc0701a7:3071:47)
    at job (http://localhost:7777/node_modules/.vite/deps/chunk-FT3SB2S6.js?v=dc0701a7:2107:18)
    at watch (http://localhost:7777/node_modules/.vite/deps/chunk-FT3SB2S6.js?v=dc0701a7:2142:7)
    at doWatch (http://localhost:7777/node_modules/.vite/deps/chunk-FT3SB2S6.js?v=dc0701a7:3099:23)
    at watch2 (http://localhost:7777/node_modules/.vite/deps/chunk-FT3SB2S6.js?v=dc0701a7:3032:10)
    at useDeprecated (http://localhost:7777/node_modules/.vite/deps/element-plus.js?v=dc0701a7:10178:3) @ http://localhost:7777/node_modules/.vite/deps/element-plus.js?v=dc0701a7:9085
[  672498ms] [WARNING] ElementPlusError: [el-checkbox] [API] label act as value is about to be deprecated in version 3.0.0, please use value instead.
For more detail, please visit: https://element-plus.org/en-US/component/checkbox.html

    at debugWarn (http://localhost:7777/node_modules/.vite/deps/element-plus.js?v=dc0701a7:9085:37)
    at watch.immediate (http://localhost:7777/node_modules/.vite/deps/element-plus.js?v=dc0701a7:10179:14)
    at callWithErrorHandling (http://localhost:7777/node_modules/.vite/deps/chunk-FT3SB2S6.js?v=dc0701a7:2377:19)
    at callWithAsyncErrorHandling (http://localhost:7777/node_modules/.vite/deps/chunk-FT3SB2S6.js?v=dc0701a7:2384:17)
    at baseWatchOptions.call (http://localhost:7777/node_modules/.vite/deps/chunk-FT3SB2S6.js?v=dc0701a7:3071:47)
    at job (http://localhost:7777/node_modules/.vite/deps/chunk-FT3SB2S6.js?v=dc0701a7:2107:18)
    at watch (http://localhost:7777/node_modules/.vite/deps/chunk-FT3SB2S6.js?v=dc0701a7:2142:7)
    at doWatch (http://localhost:7777/node_modules/.vite/deps/chunk-FT3SB2S6.js?v=dc0701a7:3099:23)
    at watch2 (http://localhost:7777/node_modules/.vite/deps/chunk-FT3SB2S6.js?v=dc0701a7:3032:10)
    at useDeprecated (http://localhost:7777/node_modules/.vite/deps/element-plus.js?v=dc0701a7:10178:3) @ http://localhost:7777/node_modules/.vite/deps/element-plus.js?v=dc0701a7:9085
[  672498ms] [WARNING] ElementPlusError: [el-checkbox] [API] label act as value is about to be deprecated in version 3.0.0, please use value instead.
For more detail, please visit: https://element-plus.org/en-US/component/checkbox.html

    at debugWarn (http://localhost:7777/node_modules/.vite/deps/element-plus.js?v=dc0701a7:9085:37)
    at watch.immediate (http://localhost:7777/node_modules/.vite/deps/element-plus.js?v=dc0701a7:10179:14)
    at callWithErrorHandling (http://localhost:7777/node_modules/.vite/deps/chunk-FT3SB2S6.js?v=dc0701a7:2377:19)
    at callWithAsyncErrorHandling (http://localhost:7777/node_modules/.vite/deps/chunk-FT3SB2S6.js?v=dc0701a7:2384:17)
    at baseWatchOptions.call (http://localhost:7777/node_modules/.vite/deps/chunk-FT3SB2S6.js?v=dc0701a7:3071:47)
    at job (http://localhost:7777/node_modules/.vite/deps/chunk-FT3SB2S6.js?v=dc0701a7:2107:18)
    at watch (http://localhost:7777/node_modules/.vite/deps/chunk-FT3SB2S6.js?v=dc0701a7:2142:7)
    at doWatch (http://localhost:7777/node_modules/.vite/deps/chunk-FT3SB2S6.js?v=dc0701a7:3099:23)
    at watch2 (http://localhost:7777/node_modules/.vite/deps/chunk-FT3SB2S6.js?v=dc0701a7:3032:10)
    at useDeprecated (http://localhost:7777/node_modules/.vite/deps/element-plus.js?v=dc0701a7:10178:3) @ http://localhost:7777/node_modules/.vite/deps/element-plus.js?v=dc0701a7:9085
[  672499ms] [WARNING] ElementPlusError: [el-checkbox] [API] label act as value is about to be deprecated in version 3.0.0, please use value instead.
For more detail, please visit: https://element-plus.org/en-US/component/checkbox.html

    at debugWarn (http://localhost:7777/node_modules/.vite/deps/element-plus.js?v=dc0701a7:9085:37)
    at watch.immediate (http://localhost:7777/node_modules/.vite/deps/element-plus.js?v=dc0701a7:10179:14)
    at callWithErrorHandling (http://localhost:7777/node_modules/.vite/deps/chunk-FT3SB2S6.js?v=dc0701a7:2377:19)
    at callWithAsyncErrorHandling (http://localhost:7777/node_modules/.vite/deps/chunk-FT3SB2S6.js?v=dc0701a7:2384:17)
    at baseWatchOptions.call (http://localhost:7777/node_modules/.vite/deps/chunk-FT3SB2S6.js?v=dc0701a7:3071:47)
    at job (http://localhost:7777/node_modules/.vite/deps/chunk-FT3SB2S6.js?v=dc0701a7:2107:18)
    at watch (http://localhost:7777/node_modules/.vite/deps/chunk-FT3SB2S6.js?v=dc0701a7:2142:7)
    at doWatch (http://localhost:7777/node_modules/.vite/deps/chunk-FT3SB2S6.js?v=dc0701a7:3099:23)
    at watch2 (http://localhost:7777/node_modules/.vite/deps/chunk-FT3SB2S6.js?v=dc0701a7:3032:10)
    at useDeprecated (http://localhost:7777/node_modules/.vite/deps/element-plus.js?v=dc0701a7:10178:3) @ http://localhost:7777/node_modules/.vite/deps/element-plus.js?v=dc0701a7:9085
[  672499ms] [WARNING] ElementPlusError: [el-checkbox] [API] label act as value is about to be deprecated in version 3.0.0, please use value instead.
For more detail, please visit: https://element-plus.org/en-US/component/checkbox.html

    at debugWarn (http://localhost:7777/node_modules/.vite/deps/element-plus.js?v=dc0701a7:9085:37)
    at watch.immediate (http://localhost:7777/node_modules/.vite/deps/element-plus.js?v=dc0701a7:10179:14)
    at callWithErrorHandling (http://localhost:7777/node_modules/.vite/deps/chunk-FT3SB2S6.js?v=dc0701a7:2377:19)
    at callWithAsyncErrorHandling (http://localhost:7777/node_modules/.vite/deps/chunk-FT3SB2S6.js?v=dc0701a7:2384:17)
    at baseWatchOptions.call (http://localhost:7777/node_modules/.vite/deps/chunk-FT3SB2S6.js?v=dc0701a7:3071:47)
    at job (http://localhost:7777/node_modules/.vite/deps/chunk-FT3SB2S6.js?v=dc0701a7:2107:18)
    at watch (http://localhost:7777/node_modules/.vite/deps/chunk-FT3SB2S6.js?v=dc0701a7:2142:7)
    at doWatch (http://localhost:7777/node_modules/.vite/deps/chunk-FT3SB2S6.js?v=dc0701a7:3099:23)
    at watch2 (http://localhost:7777/node_modules/.vite/deps/chunk-FT3SB2S6.js?v=dc0701a7:3032:10)
    at useDeprecated (http://localhost:7777/node_modules/.vite/deps/element-plus.js?v=dc0701a7:10178:3) @ http://localhost:7777/node_modules/.vite/deps/element-plus.js?v=dc0701a7:9085
[  672499ms] [WARNING] ElementPlusError: [el-checkbox] [API] label act as value is about to be deprecated in version 3.0.0, please use value instead.
For more detail, please visit: https://element-plus.org/en-US/component/checkbox.html

    at debugWarn (http://localhost:7777/node_modules/.vite/deps/element-plus.js?v=dc0701a7:9085:37)
    at watch.immediate (http://localhost:7777/node_modules/.vite/deps/element-plus.js?v=dc0701a7:10179:14)
    at callWithErrorHandling (http://localhost:7777/node_modules/.vite/deps/chunk-FT3SB2S6.js?v=dc0701a7:2377:19)
    at callWithAsyncErrorHandling (http://localhost:7777/node_modules/.vite/deps/chunk-FT3SB2S6.js?v=dc0701a7:2384:17)
    at baseWatchOptions.call (http://localhost:7777/node_modules/.vite/deps/chunk-FT3SB2S6.js?v=dc0701a7:3071:47)
    at job (http://localhost:7777/node_modules/.vite/deps/chunk-FT3SB2S6.js?v=dc0701a7:2107:18)
    at watch (http://localhost:7777/node_modules/.vite/deps/chunk-FT3SB2S6.js?v=dc0701a7:2142:7)
    at doWatch (http://localhost:7777/node_modules/.vite/deps/chunk-FT3SB2S6.js?v=dc0701a7:3099:23)
    at watch2 (http://localhost:7777/node_modules/.vite/deps/chunk-FT3SB2S6.js?v=dc0701a7:3032:10)
    at useDeprecated (http://localhost:7777/node_modules/.vite/deps/element-plus.js?v=dc0701a7:10178:3) @ http://localhost:7777/node_modules/.vite/deps/element-plus.js?v=dc0701a7:9085
[  672500ms] [WARNING] ElementPlusError: [el-checkbox] [API] label act as value is about to be deprecated in version 3.0.0, please use value instead.
For more detail, please visit: https://element-plus.org/en-US/component/checkbox.html

    at debugWarn (http://localhost:7777/node_modules/.vite/deps/element-plus.js?v=dc0701a7:9085:37)
    at watch.immediate (http://localhost:7777/node_modules/.vite/deps/element-plus.js?v=dc0701a7:10179:14)
    at callWithErrorHandling (http://localhost:7777/node_modules/.vite/deps/chunk-FT3SB2S6.js?v=dc0701a7:2377:19)
    at callWithAsyncErrorHandling (http://localhost:7777/node_modules/.vite/deps/chunk-FT3SB2S6.js?v=dc0701a7:2384:17)
    at baseWatchOptions.call (http://localhost:7777/node_modules/.vite/deps/chunk-FT3SB2S6.js?v=dc0701a7:3071:47)
    at job (http://localhost:7777/node_modules/.vite/deps/chunk-FT3SB2S6.js?v=dc0701a7:2107:18)
    at watch (http://localhost:7777/node_modules/.vite/deps/chunk-FT3SB2S6.js?v=dc0701a7:2142:7)
    at doWatch (http://localhost:7777/node_modules/.vite/deps/chunk-FT3SB2S6.js?v=dc0701a7:3099:23)
    at watch2 (http://localhost:7777/node_modules/.vite/deps/chunk-FT3SB2S6.js?v=dc0701a7:3032:10)
    at useDeprecated (http://localhost:7777/node_modules/.vite/deps/element-plus.js?v=dc0701a7:10178:3) @ http://localhost:7777/node_modules/.vite/deps/element-plus.js?v=dc0701a7:9085
[  672500ms] [WARNING] ElementPlusError: [el-checkbox] [API] label act as value is about to be deprecated in version 3.0.0, please use value instead.
For more detail, please visit: https://element-plus.org/en-US/component/checkbox.html

    at debugWarn (http://localhost:7777/node_modules/.vite/deps/element-plus.js?v=dc0701a7:9085:37)
    at watch.immediate (http://localhost:7777/node_modules/.vite/deps/element-plus.js?v=dc0701a7:10179:14)
    at callWithErrorHandling (http://localhost:7777/node_modules/.vite/deps/chunk-FT3SB2S6.js?v=dc0701a7:2377:19)
    at callWithAsyncErrorHandling (http://localhost:7777/node_modules/.vite/deps/chunk-FT3SB2S6.js?v=dc0701a7:2384:17)
    at baseWatchOptions.call (http://localhost:7777/node_modules/.vite/deps/chunk-FT3SB2S6.js?v=dc0701a7:3071:47)
    at job (http://localhost:7777/node_modules/.vite/deps/chunk-FT3SB2S6.js?v=dc0701a7:2107:18)
    at watch (http://localhost:7777/node_modules/.vite/deps/chunk-FT3SB2S6.js?v=dc0701a7:2142:7)
    at doWatch (http://localhost:7777/node_modules/.vite/deps/chunk-FT3SB2S6.js?v=dc0701a7:3099:23)
    at watch2 (http://localhost:7777/node_modules/.vite/deps/chunk-FT3SB2S6.js?v=dc0701a7:3032:10)
    at useDeprecated (http://localhost:7777/node_modules/.vite/deps/element-plus.js?v=dc0701a7:10178:3) @ http://localhost:7777/node_modules/.vite/deps/element-plus.js?v=dc0701a7:9085
[  672500ms] [WARNING] ElementPlusError: [el-checkbox] [API] label act as value is about to be deprecated in version 3.0.0, please use value instead.
For more detail, please visit: https://element-plus.org/en-US/component/checkbox.html

    at debugWarn (http://localhost:7777/node_modules/.vite/deps/element-plus.js?v=dc0701a7:9085:37)
    at watch.immediate (http://localhost:7777/node_modules/.vite/deps/element-plus.js?v=dc0701a7:10179:14)
    at callWithErrorHandling (http://localhost:7777/node_modules/.vite/deps/chunk-FT3SB2S6.js?v=dc0701a7:2377:19)
    at callWithAsyncErrorHandling (http://localhost:7777/node_modules/.vite/deps/chunk-FT3SB2S6.js?v=dc0701a7:2384:17)
    at baseWatchOptions.call (http://localhost:7777/node_modules/.vite/deps/chunk-FT3SB2S6.js?v=dc0701a7:3071:47)
    at job (http://localhost:7777/node_modules/.vite/deps/chunk-FT3SB2S6.js?v=dc0701a7:2107:18)
    at watch (http://localhost:7777/node_modules/.vite/deps/chunk-FT3SB2S6.js?v=dc0701a7:2142:7)
    at doWatch (http://localhost:7777/node_modules/.vite/deps/chunk-FT3SB2S6.js?v=dc0701a7:3099:23)
    at watch2 (http://localhost:7777/node_modules/.vite/deps/chunk-FT3SB2S6.js?v=dc0701a7:3032:10)
    at useDeprecated (http://localhost:7777/node_modules/.vite/deps/element-plus.js?v=dc0701a7:10178:3) @ http://localhost:7777/node_modules/.vite/deps/element-plus.js?v=dc0701a7:9085
[  672500ms] [WARNING] ElementPlusError: [el-checkbox] [API] label act as value is about to be deprecated in version 3.0.0, please use value instead.
For more detail, please visit: https://element-plus.org/en-US/component/checkbox.html

    at debugWarn (http://localhost:7777/node_modules/.vite/deps/element-plus.js?v=dc0701a7:9085:37)
    at watch.immediate (http://localhost:7777/node_modules/.vite/deps/element-plus.js?v=dc0701a7:10179:14)
    at callWithErrorHandling (http://localhost:7777/node_modules/.vite/deps/chunk-FT3SB2S6.js?v=dc0701a7:2377:19)
    at callWithAsyncErrorHandling (http://localhost:7777/node_modules/.vite/deps/chunk-FT3SB2S6.js?v=dc0701a7:2384:17)
    at baseWatchOptions.call (http://localhost:7777/node_modules/.vite/deps/chunk-FT3SB2S6.js?v=dc0701a7:3071:47)
    at job (http://localhost:7777/node_modules/.vite/deps/chunk-FT3SB2S6.js?v=dc0701a7:2107:18)
    at watch (http://localhost:7777/node_modules/.vite/deps/chunk-FT3SB2S6.js?v=dc0701a7:2142:7)
    at doWatch (http://localhost:7777/node_modules/.vite/deps/chunk-FT3SB2S6.js?v=dc0701a7:3099:23)
    at watch2 (http://localhost:7777/node_modules/.vite/deps/chunk-FT3SB2S6.js?v=dc0701a7:3032:10)
    at useDeprecated (http://localhost:7777/node_modules/.vite/deps/element-plus.js?v=dc0701a7:10178:3) @ http://localhost:7777/node_modules/.vite/deps/element-plus.js?v=dc0701a7:9085
[  672501ms] [WARNING] ElementPlusError: [el-checkbox] [API] label act as value is about to be deprecated in version 3.0.0, please use value instead.
For more detail, please visit: https://element-plus.org/en-US/component/checkbox.html

    at debugWarn (http://localhost:7777/node_modules/.vite/deps/element-plus.js?v=dc0701a7:9085:37)
    at watch.immediate (http://localhost:7777/node_modules/.vite/deps/element-plus.js?v=dc0701a7:10179:14)
    at callWithErrorHandling (http://localhost:7777/node_modules/.vite/deps/chunk-FT3SB2S6.js?v=dc0701a7:2377:19)
    at callWithAsyncErrorHandling (http://localhost:7777/node_modules/.vite/deps/chunk-FT3SB2S6.js?v=dc0701a7:2384:17)
    at baseWatchOptions.call (http://localhost:7777/node_modules/.vite/deps/chunk-FT3SB2S6.js?v=dc0701a7:3071:47)
    at job (http://localhost:7777/node_modules/.vite/deps/chunk-FT3SB2S6.js?v=dc0701a7:2107:18)
    at watch (http://localhost:7777/node_modules/.vite/deps/chunk-FT3SB2S6.js?v=dc0701a7:2142:7)
    at doWatch (http://localhost:7777/node_modules/.vite/deps/chunk-FT3SB2S6.js?v=dc0701a7:3099:23)
    at watch2 (http://localhost:7777/node_modules/.vite/deps/chunk-FT3SB2S6.js?v=dc0701a7:3032:10)
    at useDeprecated (http://localhost:7777/node_modules/.vite/deps/element-plus.js?v=dc0701a7:10178:3) @ http://localhost:7777/node_modules/.vite/deps/element-plus.js?v=dc0701a7:9085
[  672501ms] [WARNING] ElementPlusError: [el-checkbox] [API] label act as value is about to be deprecated in version 3.0.0, please use value instead.
For more detail, please visit: https://element-plus.org/en-US/component/checkbox.html

    at debugWarn (http://localhost:7777/node_modules/.vite/deps/element-plus.js?v=dc0701a7:9085:37)
    at watch.immediate (http://localhost:7777/node_modules/.vite/deps/element-plus.js?v=dc0701a7:10179:14)
    at callWithErrorHandling (http://localhost:7777/node_modules/.vite/deps/chunk-FT3SB2S6.js?v=dc0701a7:2377:19)
    at callWithAsyncErrorHandling (http://localhost:7777/node_modules/.vite/deps/chunk-FT3SB2S6.js?v=dc0701a7:2384:17)
    at baseWatchOptions.call (http://localhost:7777/node_modules/.vite/deps/chunk-FT3SB2S6.js?v=dc0701a7:3071:47)
    at job (http://localhost:7777/node_modules/.vite/deps/chunk-FT3SB2S6.js?v=dc0701a7:2107:18)
    at watch (http://localhost:7777/node_modules/.vite/deps/chunk-FT3SB2S6.js?v=dc0701a7:2142:7)
    at doWatch (http://localhost:7777/node_modules/.vite/deps/chunk-FT3SB2S6.js?v=dc0701a7:3099:23)
    at watch2 (http://localhost:7777/node_modules/.vite/deps/chunk-FT3SB2S6.js?v=dc0701a7:3032:10)
    at useDeprecated (http://localhost:7777/node_modules/.vite/deps/element-plus.js?v=dc0701a7:10178:3) @ http://localhost:7777/node_modules/.vite/deps/element-plus.js?v=dc0701a7:9085
[  672501ms] [WARNING] ElementPlusError: [el-checkbox] [API] label act as value is about to be deprecated in version 3.0.0, please use value instead.
For more detail, please visit: https://element-plus.org/en-US/component/checkbox.html

    at debugWarn (http://localhost:7777/node_modules/.vite/deps/element-plus.js?v=dc0701a7:9085:37)
    at watch.immediate (http://localhost:7777/node_modules/.vite/deps/element-plus.js?v=dc0701a7:10179:14)
    at callWithErrorHandling (http://localhost:7777/node_modules/.vite/deps/chunk-FT3SB2S6.js?v=dc0701a7:2377:19)
    at callWithAsyncErrorHandling (http://localhost:7777/node_modules/.vite/deps/chunk-FT3SB2S6.js?v=dc0701a7:2384:17)
    at baseWatchOptions.call (http://localhost:7777/node_modules/.vite/deps/chunk-FT3SB2S6.js?v=dc0701a7:3071:47)
    at job (http://localhost:7777/node_modules/.vite/deps/chunk-FT3SB2S6.js?v=dc0701a7:2107:18)
    at watch (http://localhost:7777/node_modules/.vite/deps/chunk-FT3SB2S6.js?v=dc0701a7:2142:7)
    at doWatch (http://localhost:7777/node_modules/.vite/deps/chunk-FT3SB2S6.js?v=dc0701a7:3099:23)
    at watch2 (http://localhost:7777/node_modules/.vite/deps/chunk-FT3SB2S6.js?v=dc0701a7:3032:10)
    at useDeprecated (http://localhost:7777/node_modules/.vite/deps/element-plus.js?v=dc0701a7:10178:3) @ http://localhost:7777/node_modules/.vite/deps/element-plus.js?v=dc0701a7:9085
[  672501ms] [WARNING] ElementPlusError: [el-checkbox] [API] label act as value is about to be deprecated in version 3.0.0, please use value instead.
For more detail, please visit: https://element-plus.org/en-US/component/checkbox.html

    at debugWarn (http://localhost:7777/node_modules/.vite/deps/element-plus.js?v=dc0701a7:9085:37)
    at watch.immediate (http://localhost:7777/node_modules/.vite/deps/element-plus.js?v=dc0701a7:10179:14)
    at callWithErrorHandling (http://localhost:7777/node_modules/.vite/deps/chunk-FT3SB2S6.js?v=dc0701a7:2377:19)
    at callWithAsyncErrorHandling (http://localhost:7777/node_modules/.vite/deps/chunk-FT3SB2S6.js?v=dc0701a7:2384:17)
    at baseWatchOptions.call (http://localhost:7777/node_modules/.vite/deps/chunk-FT3SB2S6.js?v=dc0701a7:3071:47)
    at job (http://localhost:7777/node_modules/.vite/deps/chunk-FT3SB2S6.js?v=dc0701a7:2107:18)
    at watch (http://localhost:7777/node_modules/.vite/deps/chunk-FT3SB2S6.js?v=dc0701a7:2142:7)
    at doWatch (http://localhost:7777/node_modules/.vite/deps/chunk-FT3SB2S6.js?v=dc0701a7:3099:23)
    at watch2 (http://localhost:7777/node_modules/.vite/deps/chunk-FT3SB2S6.js?v=dc0701a7:3032:10)
    at useDeprecated (http://localhost:7777/node_modules/.vite/deps/element-plus.js?v=dc0701a7:10178:3) @ http://localhost:7777/node_modules/.vite/deps/element-plus.js?v=dc0701a7:9085
[  672501ms] [WARNING] ElementPlusError: [el-checkbox] [API] label act as value is about to be deprecated in version 3.0.0, please use value instead.
For more detail, please visit: https://element-plus.org/en-US/component/checkbox.html

    at debugWarn (http://localhost:7777/node_modules/.vite/deps/element-plus.js?v=dc0701a7:9085:37)
    at watch.immediate (http://localhost:7777/node_modules/.vite/deps/element-plus.js?v=dc0701a7:10179:14)
    at callWithErrorHandling (http://localhost:7777/node_modules/.vite/deps/chunk-FT3SB2S6.js?v=dc0701a7:2377:19)
    at callWithAsyncErrorHandling (http://localhost:7777/node_modules/.vite/deps/chunk-FT3SB2S6.js?v=dc0701a7:2384:17)
    at baseWatchOptions.call (http://localhost:7777/node_modules/.vite/deps/chunk-FT3SB2S6.js?v=dc0701a7:3071:47)
    at job (http://localhost:7777/node_modules/.vite/deps/chunk-FT3SB2S6.js?v=dc0701a7:2107:18)
    at watch (http://localhost:7777/node_modules/.vite/deps/chunk-FT3SB2S6.js?v=dc0701a7:2142:7)
    at doWatch (http://localhost:7777/node_modules/.vite/deps/chunk-FT3SB2S6.js?v=dc0701a7:3099:23)
    at watch2 (http://localhost:7777/node_modules/.vite/deps/chunk-FT3SB2S6.js?v=dc0701a7:3032:10)
    at useDeprecated (http://localhost:7777/node_modules/.vite/deps/element-plus.js?v=dc0701a7:10178:3) @ http://localhost:7777/node_modules/.vite/deps/element-plus.js?v=dc0701a7:9085
[  672501ms] [WARNING] ElementPlusError: [el-checkbox] [API] label act as value is about to be deprecated in version 3.0.0, please use value instead.
For more detail, please visit: https://element-plus.org/en-US/component/checkbox.html

    at debugWarn (http://localhost:7777/node_modules/.vite/deps/element-plus.js?v=dc0701a7:9085:37)
    at watch.immediate (http://localhost:7777/node_modules/.vite/deps/element-plus.js?v=dc0701a7:10179:14)
    at callWithErrorHandling (http://localhost:7777/node_modules/.vite/deps/chunk-FT3SB2S6.js?v=dc0701a7:2377:19)
    at callWithAsyncErrorHandling (http://localhost:7777/node_modules/.vite/deps/chunk-FT3SB2S6.js?v=dc0701a7:2384:17)
    at baseWatchOptions.call (http://localhost:7777/node_modules/.vite/deps/chunk-FT3SB2S6.js?v=dc0701a7:3071:47)
    at job (http://localhost:7777/node_modules/.vite/deps/chunk-FT3SB2S6.js?v=dc0701a7:2107:18)
    at watch (http://localhost:7777/node_modules/.vite/deps/chunk-FT3SB2S6.js?v=dc0701a7:2142:7)
    at doWatch (http://localhost:7777/node_modules/.vite/deps/chunk-FT3SB2S6.js?v=dc0701a7:3099:23)
    at watch2 (http://localhost:7777/node_modules/.vite/deps/chunk-FT3SB2S6.js?v=dc0701a7:3032:10)
    at useDeprecated (http://localhost:7777/node_modules/.vite/deps/element-plus.js?v=dc0701a7:10178:3) @ http://localhost:7777/node_modules/.vite/deps/element-plus.js?v=dc0701a7:9085
[  672501ms] [WARNING] ElementPlusError: [el-checkbox] [API] label act as value is about to be deprecated in version 3.0.0, please use value instead.
For more detail, please visit: https://element-plus.org/en-US/component/checkbox.html

    at debugWarn (http://localhost:7777/node_modules/.vite/deps/element-plus.js?v=dc0701a7:9085:37)
    at watch.immediate (http://localhost:7777/node_modules/.vite/deps/element-plus.js?v=dc0701a7:10179:14)
    at callWithErrorHandling (http://localhost:7777/node_modules/.vite/deps/chunk-FT3SB2S6.js?v=dc0701a7:2377:19)
    at callWithAsyncErrorHandling (http://localhost:7777/node_modules/.vite/deps/chunk-FT3SB2S6.js?v=dc0701a7:2384:17)
    at baseWatchOptions.call (http://localhost:7777/node_modules/.vite/deps/chunk-FT3SB2S6.js?v=dc0701a7:3071:47)
    at job (http://localhost:7777/node_modules/.vite/deps/chunk-FT3SB2S6.js?v=dc0701a7:2107:18)
    at watch (http://localhost:7777/node_modules/.vite/deps/chunk-FT3SB2S6.js?v=dc0701a7:2142:7)
    at doWatch (http://localhost:7777/node_modules/.vite/deps/chunk-FT3SB2S6.js?v=dc0701a7:3099:23)
    at watch2 (http://localhost:7777/node_modules/.vite/deps/chunk-FT3SB2S6.js?v=dc0701a7:3032:10)
    at useDeprecated (http://localhost:7777/node_modules/.vite/deps/element-plus.js?v=dc0701a7:10178:3) @ http://localhost:7777/node_modules/.vite/deps/element-plus.js?v=dc0701a7:9085
[  672502ms] [WARNING] ElementPlusError: [el-checkbox] [API] label act as value is about to be deprecated in version 3.0.0, please use value instead.
For more detail, please visit: https://element-plus.org/en-US/component/checkbox.html

    at debugWarn (http://localhost:7777/node_modules/.vite/deps/element-plus.js?v=dc0701a7:9085:37)
    at watch.immediate (http://localhost:7777/node_modules/.vite/deps/element-plus.js?v=dc0701a7:10179:14)
    at callWithErrorHandling (http://localhost:7777/node_modules/.vite/deps/chunk-FT3SB2S6.js?v=dc0701a7:2377:19)
    at callWithAsyncErrorHandling (http://localhost:7777/node_modules/.vite/deps/chunk-FT3SB2S6.js?v=dc0701a7:2384:17)
    at baseWatchOptions.call (http://localhost:7777/node_modules/.vite/deps/chunk-FT3SB2S6.js?v=dc0701a7:3071:47)
    at job (http://localhost:7777/node_modules/.vite/deps/chunk-FT3SB2S6.js?v=dc0701a7:2107:18)
    at watch (http://localhost:7777/node_modules/.vite/deps/chunk-FT3SB2S6.js?v=dc0701a7:2142:7)
    at doWatch (http://localhost:7777/node_modules/.vite/deps/chunk-FT3SB2S6.js?v=dc0701a7:3099:23)
    at watch2 (http://localhost:7777/node_modules/.vite/deps/chunk-FT3SB2S6.js?v=dc0701a7:3032:10)
    at useDeprecated (http://localhost:7777/node_modules/.vite/deps/element-plus.js?v=dc0701a7:10178:3) @ http://localhost:7777/node_modules/.vite/deps/element-plus.js?v=dc0701a7:9085
[  672502ms] [WARNING] ElementPlusError: [el-checkbox] [API] label act as value is about to be deprecated in version 3.0.0, please use value instead.
For more detail, please visit: https://element-plus.org/en-US/component/checkbox.html

    at debugWarn (http://localhost:7777/node_modules/.vite/deps/element-plus.js?v=dc0701a7:9085:37)
    at watch.immediate (http://localhost:7777/node_modules/.vite/deps/element-plus.js?v=dc0701a7:10179:14)
    at callWithErrorHandling (http://localhost:7777/node_modules/.vite/deps/chunk-FT3SB2S6.js?v=dc0701a7:2377:19)
    at callWithAsyncErrorHandling (http://localhost:7777/node_modules/.vite/deps/chunk-FT3SB2S6.js?v=dc0701a7:2384:17)
    at baseWatchOptions.call (http://localhost:7777/node_modules/.vite/deps/chunk-FT3SB2S6.js?v=dc0701a7:3071:47)
    at job (http://localhost:7777/node_modules/.vite/deps/chunk-FT3SB2S6.js?v=dc0701a7:2107:18)
    at watch (http://localhost:7777/node_modules/.vite/deps/chunk-FT3SB2S6.js?v=dc0701a7:2142:7)
    at doWatch (http://localhost:7777/node_modules/.vite/deps/chunk-FT3SB2S6.js?v=dc0701a7:3099:23)
    at watch2 (http://localhost:7777/node_modules/.vite/deps/chunk-FT3SB2S6.js?v=dc0701a7:3032:10)
    at useDeprecated (http://localhost:7777/node_modules/.vite/deps/element-plus.js?v=dc0701a7:10178:3) @ http://localhost:7777/node_modules/.vite/deps/element-plus.js?v=dc0701a7:9085
[  672502ms] [WARNING] ElementPlusError: [el-checkbox] [API] label act as value is about to be deprecated in version 3.0.0, please use value instead.
For more detail, please visit: https://element-plus.org/en-US/component/checkbox.html

    at debugWarn (http://localhost:7777/node_modules/.vite/deps/element-plus.js?v=dc0701a7:9085:37)
    at watch.immediate (http://localhost:7777/node_modules/.vite/deps/element-plus.js?v=dc0701a7:10179:14)
    at callWithErrorHandling (http://localhost:7777/node_modules/.vite/deps/chunk-FT3SB2S6.js?v=dc0701a7:2377:19)
    at callWithAsyncErrorHandling (http://localhost:7777/node_modules/.vite/deps/chunk-FT3SB2S6.js?v=dc0701a7:2384:17)
    at baseWatchOptions.call (http://localhost:7777/node_modules/.vite/deps/chunk-FT3SB2S6.js?v=dc0701a7:3071:47)
    at job (http://localhost:7777/node_modules/.vite/deps/chunk-FT3SB2S6.js?v=dc0701a7:2107:18)
    at watch (http://localhost:7777/node_modules/.vite/deps/chunk-FT3SB2S6.js?v=dc0701a7:2142:7)
    at doWatch (http://localhost:7777/node_modules/.vite/deps/chunk-FT3SB2S6.js?v=dc0701a7:3099:23)
    at watch2 (http://localhost:7777/node_modules/.vite/deps/chunk-FT3SB2S6.js?v=dc0701a7:3032:10)
    at useDeprecated (http://localhost:7777/node_modules/.vite/deps/element-plus.js?v=dc0701a7:10178:3) @ http://localhost:7777/node_modules/.vite/deps/element-plus.js?v=dc0701a7:9085
[ 1375080ms] [WARNING] ElementPlusError: [el-checkbox] [API] label act as value is about to be deprecated in version 3.0.0, please use value instead.
For more detail, please visit: https://element-plus.org/en-US/component/checkbox.html

    at debugWarn (http://localhost:7777/node_modules/.vite/deps/element-plus.js?v=dc0701a7:9085:37)
    at watch.immediate (http://localhost:7777/node_modules/.vite/deps/element-plus.js?v=dc0701a7:10179:14)
    at callWithErrorHandling (http://localhost:7777/node_modules/.vite/deps/chunk-FT3SB2S6.js?v=dc0701a7:2377:19)
    at callWithAsyncErrorHandling (http://localhost:7777/node_modules/.vite/deps/chunk-FT3SB2S6.js?v=dc0701a7:2384:17)
    at baseWatchOptions.call (http://localhost:7777/node_modules/.vite/deps/chunk-FT3SB2S6.js?v=dc0701a7:3071:47)
    at job (http://localhost:7777/node_modules/.vite/deps/chunk-FT3SB2S6.js?v=dc0701a7:2107:18)
    at watch (http://localhost:7777/node_modules/.vite/deps/chunk-FT3SB2S6.js?v=dc0701a7:2142:7)
    at doWatch (http://localhost:7777/node_modules/.vite/deps/chunk-FT3SB2S6.js?v=dc0701a7:3099:23)
    at watch2 (http://localhost:7777/node_modules/.vite/deps/chunk-FT3SB2S6.js?v=dc0701a7:3032:10)
    at useDeprecated (http://localhost:7777/node_modules/.vite/deps/element-plus.js?v=dc0701a7:10178:3) @ http://localhost:7777/node_modules/.vite/deps/element-plus.js?v=dc0701a7:9085
[ 1375085ms] [WARNING] ElementPlusError: [el-checkbox] [API] label act as value is about to be deprecated in version 3.0.0, please use value instead.
For more detail, please visit: https://element-plus.org/en-US/component/checkbox.html

    at debugWarn (http://localhost:7777/node_modules/.vite/deps/element-plus.js?v=dc0701a7:9085:37)
    at watch.immediate (http://localhost:7777/node_modules/.vite/deps/element-plus.js?v=dc0701a7:10179:14)
    at callWithErrorHandling (http://localhost:7777/node_modules/.vite/deps/chunk-FT3SB2S6.js?v=dc0701a7:2377:19)
    at callWithAsyncErrorHandling (http://localhost:7777/node_modules/.vite/deps/chunk-FT3SB2S6.js?v=dc0701a7:2384:17)
    at baseWatchOptions.call (http://localhost:7777/node_modules/.vite/deps/chunk-FT3SB2S6.js?v=dc0701a7:3071:47)
    at job (http://localhost:7777/node_modules/.vite/deps/chunk-FT3SB2S6.js?v=dc0701a7:2107:18)
    at watch (http://localhost:7777/node_modules/.vite/deps/chunk-FT3SB2S6.js?v=dc0701a7:2142:7)
    at doWatch (http://localhost:7777/node_modules/.vite/deps/chunk-FT3SB2S6.js?v=dc0701a7:3099:23)
    at watch2 (http://localhost:7777/node_modules/.vite/deps/chunk-FT3SB2S6.js?v=dc0701a7:3032:10)
    at useDeprecated (http://localhost:7777/node_modules/.vite/deps/element-plus.js?v=dc0701a7:10178:3) @ http://localhost:7777/node_modules/.vite/deps/element-plus.js?v=dc0701a7:9085
[ 1375085ms] [WARNING] ElementPlusError: [el-checkbox] [API] label act as value is about to be deprecated in version 3.0.0, please use value instead.
For more detail, please visit: https://element-plus.org/en-US/component/checkbox.html

    at debugWarn (http://localhost:7777/node_modules/.vite/deps/element-plus.js?v=dc0701a7:9085:37)
    at watch.immediate (http://localhost:7777/node_modules/.vite/deps/element-plus.js?v=dc0701a7:10179:14)
    at callWithErrorHandling (http://localhost:7777/node_modules/.vite/deps/chunk-FT3SB2S6.js?v=dc0701a7:2377:19)
    at callWithAsyncErrorHandling (http://localhost:7777/node_modules/.vite/deps/chunk-FT3SB2S6.js?v=dc0701a7:2384:17)
    at baseWatchOptions.call (http://localhost:7777/node_modules/.vite/deps/chunk-FT3SB2S6.js?v=dc0701a7:3071:47)
    at job (http://localhost:7777/node_modules/.vite/deps/chunk-FT3SB2S6.js?v=dc0701a7:2107:18)
    at watch (http://localhost:7777/node_modules/.vite/deps/chunk-FT3SB2S6.js?v=dc0701a7:2142:7)
    at doWatch (http://localhost:7777/node_modules/.vite/deps/chunk-FT3SB2S6.js?v=dc0701a7:3099:23)
    at watch2 (http://localhost:7777/node_modules/.vite/deps/chunk-FT3SB2S6.js?v=dc0701a7:3032:10)
    at useDeprecated (http://localhost:7777/node_modules/.vite/deps/element-plus.js?v=dc0701a7:10178:3) @ http://localhost:7777/node_modules/.vite/deps/element-plus.js?v=dc0701a7:9085
[ 1375085ms] [WARNING] ElementPlusError: [el-checkbox] [API] label act as value is about to be deprecated in version 3.0.0, please use value instead.
For more detail, please visit: https://element-plus.org/en-US/component/checkbox.html

    at debugWarn (http://localhost:7777/node_modules/.vite/deps/element-plus.js?v=dc0701a7:9085:37)
    at watch.immediate (http://localhost:7777/node_modules/.vite/deps/element-plus.js?v=dc0701a7:10179:14)
    at callWithErrorHandling (http://localhost:7777/node_modules/.vite/deps/chunk-FT3SB2S6.js?v=dc0701a7:2377:19)
    at callWithAsyncErrorHandling (http://localhost:7777/node_modules/.vite/deps/chunk-FT3SB2S6.js?v=dc0701a7:2384:17)
    at baseWatchOptions.call (http://localhost:7777/node_modules/.vite/deps/chunk-FT3SB2S6.js?v=dc0701a7:3071:47)
    at job (http://localhost:7777/node_modules/.vite/deps/chunk-FT3SB2S6.js?v=dc0701a7:2107:18)
    at watch (http://localhost:7777/node_modules/.vite/deps/chunk-FT3SB2S6.js?v=dc0701a7:2142:7)
    at doWatch (http://localhost:7777/node_modules/.vite/deps/chunk-FT3SB2S6.js?v=dc0701a7:3099:23)
    at watch2 (http://localhost:7777/node_modules/.vite/deps/chunk-FT3SB2S6.js?v=dc0701a7:3032:10)
    at useDeprecated (http://localhost:7777/node_modules/.vite/deps/element-plus.js?v=dc0701a7:10178:3) @ http://localhost:7777/node_modules/.vite/deps/element-plus.js?v=dc0701a7:9085
[ 1375085ms] [WARNING] ElementPlusError: [el-checkbox] [API] label act as value is about to be deprecated in version 3.0.0, please use value instead.
For more detail, please visit: https://element-plus.org/en-US/component/checkbox.html

    at debugWarn (http://localhost:7777/node_modules/.vite/deps/element-plus.js?v=dc0701a7:9085:37)
    at watch.immediate (http://localhost:7777/node_modules/.vite/deps/element-plus.js?v=dc0701a7:10179:14)
    at callWithErrorHandling (http://localhost:7777/node_modules/.vite/deps/chunk-FT3SB2S6.js?v=dc0701a7:2377:19)
    at callWithAsyncErrorHandling (http://localhost:7777/node_modules/.vite/deps/chunk-FT3SB2S6.js?v=dc0701a7:2384:17)
    at baseWatchOptions.call (http://localhost:7777/node_modules/.vite/deps/chunk-FT3SB2S6.js?v=dc0701a7:3071:47)
    at job (http://localhost:7777/node_modules/.vite/deps/chunk-FT3SB2S6.js?v=dc0701a7:2107:18)
    at watch (http://localhost:7777/node_modules/.vite/deps/chunk-FT3SB2S6.js?v=dc0701a7:2142:7)
    at doWatch (http://localhost:7777/node_modules/.vite/deps/chunk-FT3SB2S6.js?v=dc0701a7:3099:23)
    at watch2 (http://localhost:7777/node_modules/.vite/deps/chunk-FT3SB2S6.js?v=dc0701a7:3032:10)
    at useDeprecated (http://localhost:7777/node_modules/.vite/deps/element-plus.js?v=dc0701a7:10178:3) @ http://localhost:7777/node_modules/.vite/deps/element-plus.js?v=dc0701a7:9085
[ 1375086ms] [WARNING] ElementPlusError: [el-checkbox] [API] label act as value is about to be deprecated in version 3.0.0, please use value instead.
For more detail, please visit: https://element-plus.org/en-US/component/checkbox.html

    at debugWarn (http://localhost:7777/node_modules/.vite/deps/element-plus.js?v=dc0701a7:9085:37)
    at watch.immediate (http://localhost:7777/node_modules/.vite/deps/element-plus.js?v=dc0701a7:10179:14)
    at callWithErrorHandling (http://localhost:7777/node_modules/.vite/deps/chunk-FT3SB2S6.js?v=dc0701a7:2377:19)
    at callWithAsyncErrorHandling (http://localhost:7777/node_modules/.vite/deps/chunk-FT3SB2S6.js?v=dc0701a7:2384:17)
    at baseWatchOptions.call (http://localhost:7777/node_modules/.vite/deps/chunk-FT3SB2S6.js?v=dc0701a7:3071:47)
    at job (http://localhost:7777/node_modules/.vite/deps/chunk-FT3SB2S6.js?v=dc0701a7:2107:18)
    at watch (http://localhost:7777/node_modules/.vite/deps/chunk-FT3SB2S6.js?v=dc0701a7:2142:7)
    at doWatch (http://localhost:7777/node_modules/.vite/deps/chunk-FT3SB2S6.js?v=dc0701a7:3099:23)
    at watch2 (http://localhost:7777/node_modules/.vite/deps/chunk-FT3SB2S6.js?v=dc0701a7:3032:10)
    at useDeprecated (http://localhost:7777/node_modules/.vite/deps/element-plus.js?v=dc0701a7:10178:3) @ http://localhost:7777/node_modules/.vite/deps/element-plus.js?v=dc0701a7:9085
[ 1375086ms] [WARNING] ElementPlusError: [el-checkbox] [API] label act as value is about to be deprecated in version 3.0.0, please use value instead.
For more detail, please visit: https://element-plus.org/en-US/component/checkbox.html

    at debugWarn (http://localhost:7777/node_modules/.vite/deps/element-plus.js?v=dc0701a7:9085:37)
    at watch.immediate (http://localhost:7777/node_modules/.vite/deps/element-plus.js?v=dc0701a7:10179:14)
    at callWithErrorHandling (http://localhost:7777/node_modules/.vite/deps/chunk-FT3SB2S6.js?v=dc0701a7:2377:19)
    at callWithAsyncErrorHandling (http://localhost:7777/node_modules/.vite/deps/chunk-FT3SB2S6.js?v=dc0701a7:2384:17)
    at baseWatchOptions.call (http://localhost:7777/node_modules/.vite/deps/chunk-FT3SB2S6.js?v=dc0701a7:3071:47)
    at job (http://localhost:7777/node_modules/.vite/deps/chunk-FT3SB2S6.js?v=dc0701a7:2107:18)
    at watch (http://localhost:7777/node_modules/.vite/deps/chunk-FT3SB2S6.js?v=dc0701a7:2142:7)
    at doWatch (http://localhost:7777/node_modules/.vite/deps/chunk-FT3SB2S6.js?v=dc0701a7:3099:23)
    at watch2 (http://localhost:7777/node_modules/.vite/deps/chunk-FT3SB2S6.js?v=dc0701a7:3032:10)
    at useDeprecated (http://localhost:7777/node_modules/.vite/deps/element-plus.js?v=dc0701a7:10178:3) @ http://localhost:7777/node_modules/.vite/deps/element-plus.js?v=dc0701a7:9085
[ 1375086ms] [WARNING] ElementPlusError: [el-checkbox] [API] label act as value is about to be deprecated in version 3.0.0, please use value instead.
For more detail, please visit: https://element-plus.org/en-US/component/checkbox.html

    at debugWarn (http://localhost:7777/node_modules/.vite/deps/element-plus.js?v=dc0701a7:9085:37)
    at watch.immediate (http://localhost:7777/node_modules/.vite/deps/element-plus.js?v=dc0701a7:10179:14)
    at callWithErrorHandling (http://localhost:7777/node_modules/.vite/deps/chunk-FT3SB2S6.js?v=dc0701a7:2377:19)
    at callWithAsyncErrorHandling (http://localhost:7777/node_modules/.vite/deps/chunk-FT3SB2S6.js?v=dc0701a7:2384:17)
    at baseWatchOptions.call (http://localhost:7777/node_modules/.vite/deps/chunk-FT3SB2S6.js?v=dc0701a7:3071:47)
    at job (http://localhost:7777/node_modules/.vite/deps/chunk-FT3SB2S6.js?v=dc0701a7:2107:18)
    at watch (http://localhost:7777/node_modules/.vite/deps/chunk-FT3SB2S6.js?v=dc0701a7:2142:7)
    at doWatch (http://localhost:7777/node_modules/.vite/deps/chunk-FT3SB2S6.js?v=dc0701a7:3099:23)
    at watch2 (http://localhost:7777/node_modules/.vite/deps/chunk-FT3SB2S6.js?v=dc0701a7:3032:10)
    at useDeprecated (http://localhost:7777/node_modules/.vite/deps/element-plus.js?v=dc0701a7:10178:3) @ http://localhost:7777/node_modules/.vite/deps/element-plus.js?v=dc0701a7:9085
[ 1375087ms] [WARNING] ElementPlusError: [el-checkbox] [API] label act as value is about to be deprecated in version 3.0.0, please use value instead.
For more detail, please visit: https://element-plus.org/en-US/component/checkbox.html

    at debugWarn (http://localhost:7777/node_modules/.vite/deps/element-plus.js?v=dc0701a7:9085:37)
    at watch.immediate (http://localhost:7777/node_modules/.vite/deps/element-plus.js?v=dc0701a7:10179:14)
    at callWithErrorHandling (http://localhost:7777/node_modules/.vite/deps/chunk-FT3SB2S6.js?v=dc0701a7:2377:19)
    at callWithAsyncErrorHandling (http://localhost:7777/node_modules/.vite/deps/chunk-FT3SB2S6.js?v=dc0701a7:2384:17)
    at baseWatchOptions.call (http://localhost:7777/node_modules/.vite/deps/chunk-FT3SB2S6.js?v=dc0701a7:3071:47)
    at job (http://localhost:7777/node_modules/.vite/deps/chunk-FT3SB2S6.js?v=dc0701a7:2107:18)
    at watch (http://localhost:7777/node_modules/.vite/deps/chunk-FT3SB2S6.js?v=dc0701a7:2142:7)
    at doWatch (http://localhost:7777/node_modules/.vite/deps/chunk-FT3SB2S6.js?v=dc0701a7:3099:23)
    at watch2 (http://localhost:7777/node_modules/.vite/deps/chunk-FT3SB2S6.js?v=dc0701a7:3032:10)
    at useDeprecated (http://localhost:7777/node_modules/.vite/deps/element-plus.js?v=dc0701a7:10178:3) @ http://localhost:7777/node_modules/.vite/deps/element-plus.js?v=dc0701a7:9085
[ 1375087ms] [WARNING] ElementPlusError: [el-checkbox] [API] label act as value is about to be deprecated in version 3.0.0, please use value instead.
For more detail, please visit: https://element-plus.org/en-US/component/checkbox.html

    at debugWarn (http://localhost:7777/node_modules/.vite/deps/element-plus.js?v=dc0701a7:9085:37)
    at watch.immediate (http://localhost:7777/node_modules/.vite/deps/element-plus.js?v=dc0701a7:10179:14)
    at callWithErrorHandling (http://localhost:7777/node_modules/.vite/deps/chunk-FT3SB2S6.js?v=dc0701a7:2377:19)
    at callWithAsyncErrorHandling (http://localhost:7777/node_modules/.vite/deps/chunk-FT3SB2S6.js?v=dc0701a7:2384:17)
    at baseWatchOptions.call (http://localhost:7777/node_modules/.vite/deps/chunk-FT3SB2S6.js?v=dc0701a7:3071:47)
    at job (http://localhost:7777/node_modules/.vite/deps/chunk-FT3SB2S6.js?v=dc0701a7:2107:18)
    at watch (http://localhost:7777/node_modules/.vite/deps/chunk-FT3SB2S6.js?v=dc0701a7:2142:7)
    at doWatch (http://localhost:7777/node_modules/.vite/deps/chunk-FT3SB2S6.js?v=dc0701a7:3099:23)
    at watch2 (http://localhost:7777/node_modules/.vite/deps/chunk-FT3SB2S6.js?v=dc0701a7:3032:10)
    at useDeprecated (http://localhost:7777/node_modules/.vite/deps/element-plus.js?v=dc0701a7:10178:3) @ http://localhost:7777/node_modules/.vite/deps/element-plus.js?v=dc0701a7:9085
[ 1375087ms] [WARNING] ElementPlusError: [el-checkbox] [API] label act as value is about to be deprecated in version 3.0.0, please use value instead.
For more detail, please visit: https://element-plus.org/en-US/component/checkbox.html

    at debugWarn (http://localhost:7777/node_modules/.vite/deps/element-plus.js?v=dc0701a7:9085:37)
    at watch.immediate (http://localhost:7777/node_modules/.vite/deps/element-plus.js?v=dc0701a7:10179:14)
    at callWithErrorHandling (http://localhost:7777/node_modules/.vite/deps/chunk-FT3SB2S6.js?v=dc0701a7:2377:19)
    at callWithAsyncErrorHandling (http://localhost:7777/node_modules/.vite/deps/chunk-FT3SB2S6.js?v=dc0701a7:2384:17)
    at baseWatchOptions.call (http://localhost:7777/node_modules/.vite/deps/chunk-FT3SB2S6.js?v=dc0701a7:3071:47)
    at job (http://localhost:7777/node_modules/.vite/deps/chunk-FT3SB2S6.js?v=dc0701a7:2107:18)
    at watch (http://localhost:7777/node_modules/.vite/deps/chunk-FT3SB2S6.js?v=dc0701a7:2142:7)
    at doWatch (http://localhost:7777/node_modules/.vite/deps/chunk-FT3SB2S6.js?v=dc0701a7:3099:23)
    at watch2 (http://localhost:7777/node_modules/.vite/deps/chunk-FT3SB2S6.js?v=dc0701a7:3032:10)
    at useDeprecated (http://localhost:7777/node_modules/.vite/deps/element-plus.js?v=dc0701a7:10178:3) @ http://localhost:7777/node_modules/.vite/deps/element-plus.js?v=dc0701a7:9085
[ 1392748ms] [WARNING] ElementPlusError: [el-checkbox] [API] label act as value is about to be deprecated in version 3.0.0, please use value instead.
For more detail, please visit: https://element-plus.org/en-US/component/checkbox.html

    at debugWarn (http://localhost:7777/node_modules/.vite/deps/element-plus.js?v=dc0701a7:9085:37)
    at watch.immediate (http://localhost:7777/node_modules/.vite/deps/element-plus.js?v=dc0701a7:10179:14)
    at callWithErrorHandling (http://localhost:7777/node_modules/.vite/deps/chunk-FT3SB2S6.js?v=dc0701a7:2377:19)
    at callWithAsyncErrorHandling (http://localhost:7777/node_modules/.vite/deps/chunk-FT3SB2S6.js?v=dc0701a7:2384:17)
    at baseWatchOptions.call (http://localhost:7777/node_modules/.vite/deps/chunk-FT3SB2S6.js?v=dc0701a7:3071:47)
    at job (http://localhost:7777/node_modules/.vite/deps/chunk-FT3SB2S6.js?v=dc0701a7:2107:18)
    at watch (http://localhost:7777/node_modules/.vite/deps/chunk-FT3SB2S6.js?v=dc0701a7:2142:7)
    at doWatch (http://localhost:7777/node_modules/.vite/deps/chunk-FT3SB2S6.js?v=dc0701a7:3099:23)
    at watch2 (http://localhost:7777/node_modules/.vite/deps/chunk-FT3SB2S6.js?v=dc0701a7:3032:10)
    at useDeprecated (http://localhost:7777/node_modules/.vite/deps/element-plus.js?v=dc0701a7:10178:3) @ http://localhost:7777/node_modules/.vite/deps/element-plus.js?v=dc0701a7:9085
[ 1392749ms] [WARNING] ElementPlusError: [el-checkbox] [API] label act as value is about to be deprecated in version 3.0.0, please use value instead.
For more detail, please visit: https://element-plus.org/en-US/component/checkbox.html

    at debugWarn (http://localhost:7777/node_modules/.vite/deps/element-plus.js?v=dc0701a7:9085:37)
    at watch.immediate (http://localhost:7777/node_modules/.vite/deps/element-plus.js?v=dc0701a7:10179:14)
    at callWithErrorHandling (http://localhost:7777/node_modules/.vite/deps/chunk-FT3SB2S6.js?v=dc0701a7:2377:19)
    at callWithAsyncErrorHandling (http://localhost:7777/node_modules/.vite/deps/chunk-FT3SB2S6.js?v=dc0701a7:2384:17)
    at baseWatchOptions.call (http://localhost:7777/node_modules/.vite/deps/chunk-FT3SB2S6.js?v=dc0701a7:3071:47)
    at job (http://localhost:7777/node_modules/.vite/deps/chunk-FT3SB2S6.js?v=dc0701a7:2107:18)
    at watch (http://localhost:7777/node_modules/.vite/deps/chunk-FT3SB2S6.js?v=dc0701a7:2142:7)
    at doWatch (http://localhost:7777/node_modules/.vite/deps/chunk-FT3SB2S6.js?v=dc0701a7:3099:23)
    at watch2 (http://localhost:7777/node_modules/.vite/deps/chunk-FT3SB2S6.js?v=dc0701a7:3032:10)
    at useDeprecated (http://localhost:7777/node_modules/.vite/deps/element-plus.js?v=dc0701a7:10178:3) @ http://localhost:7777/node_modules/.vite/deps/element-plus.js?v=dc0701a7:9085
[ 1392749ms] [WARNING] ElementPlusError: [el-checkbox] [API] label act as value is about to be deprecated in version 3.0.0, please use value instead.
For more detail, please visit: https://element-plus.org/en-US/component/checkbox.html

    at debugWarn (http://localhost:7777/node_modules/.vite/deps/element-plus.js?v=dc0701a7:9085:37)
    at watch.immediate (http://localhost:7777/node_modules/.vite/deps/element-plus.js?v=dc0701a7:10179:14)
    at callWithErrorHandling (http://localhost:7777/node_modules/.vite/deps/chunk-FT3SB2S6.js?v=dc0701a7:2377:19)
    at callWithAsyncErrorHandling (http://localhost:7777/node_modules/.vite/deps/chunk-FT3SB2S6.js?v=dc0701a7:2384:17)
    at baseWatchOptions.call (http://localhost:7777/node_modules/.vite/deps/chunk-FT3SB2S6.js?v=dc0701a7:3071:47)
    at job (http://localhost:7777/node_modules/.vite/deps/chunk-FT3SB2S6.js?v=dc0701a7:2107:18)
    at watch (http://localhost:7777/node_modules/.vite/deps/chunk-FT3SB2S6.js?v=dc0701a7:2142:7)
    at doWatch (http://localhost:7777/node_modules/.vite/deps/chunk-FT3SB2S6.js?v=dc0701a7:3099:23)
    at watch2 (http://localhost:7777/node_modules/.vite/deps/chunk-FT3SB2S6.js?v=dc0701a7:3032:10)
    at useDeprecated (http://localhost:7777/node_modules/.vite/deps/element-plus.js?v=dc0701a7:10178:3) @ http://localhost:7777/node_modules/.vite/deps/element-plus.js?v=dc0701a7:9085
[ 1392749ms] [WARNING] ElementPlusError: [el-checkbox] [API] label act as value is about to be deprecated in version 3.0.0, please use value instead.
For more detail, please visit: https://element-plus.org/en-US/component/checkbox.html

    at debugWarn (http://localhost:7777/node_modules/.vite/deps/element-plus.js?v=dc0701a7:9085:37)
    at watch.immediate (http://localhost:7777/node_modules/.vite/deps/element-plus.js?v=dc0701a7:10179:14)
    at callWithErrorHandling (http://localhost:7777/node_modules/.vite/deps/chunk-FT3SB2S6.js?v=dc0701a7:2377:19)
    at callWithAsyncErrorHandling (http://localhost:7777/node_modules/.vite/deps/chunk-FT3SB2S6.js?v=dc0701a7:2384:17)
    at baseWatchOptions.call (http://localhost:7777/node_modules/.vite/deps/chunk-FT3SB2S6.js?v=dc0701a7:3071:47)
    at job (http://localhost:7777/node_modules/.vite/deps/chunk-FT3SB2S6.js?v=dc0701a7:2107:18)
    at watch (http://localhost:7777/node_modules/.vite/deps/chunk-FT3SB2S6.js?v=dc0701a7:2142:7)
    at doWatch (http://localhost:7777/node_modules/.vite/deps/chunk-FT3SB2S6.js?v=dc0701a7:3099:23)
    at watch2 (http://localhost:7777/node_modules/.vite/deps/chunk-FT3SB2S6.js?v=dc0701a7:3032:10)
    at useDeprecated (http://localhost:7777/node_modules/.vite/deps/element-plus.js?v=dc0701a7:10178:3) @ http://localhost:7777/node_modules/.vite/deps/element-plus.js?v=dc0701a7:9085
[ 1392749ms] [WARNING] ElementPlusError: [el-checkbox] [API] label act as value is about to be deprecated in version 3.0.0, please use value instead.
For more detail, please visit: https://element-plus.org/en-US/component/checkbox.html

    at debugWarn (http://localhost:7777/node_modules/.vite/deps/element-plus.js?v=dc0701a7:9085:37)
    at watch.immediate (http://localhost:7777/node_modules/.vite/deps/element-plus.js?v=dc0701a7:10179:14)
    at callWithErrorHandling (http://localhost:7777/node_modules/.vite/deps/chunk-FT3SB2S6.js?v=dc0701a7:2377:19)
    at callWithAsyncErrorHandling (http://localhost:7777/node_modules/.vite/deps/chunk-FT3SB2S6.js?v=dc0701a7:2384:17)
    at baseWatchOptions.call (http://localhost:7777/node_modules/.vite/deps/chunk-FT3SB2S6.js?v=dc0701a7:3071:47)
    at job (http://localhost:7777/node_modules/.vite/deps/chunk-FT3SB2S6.js?v=dc0701a7:2107:18)
    at watch (http://localhost:7777/node_modules/.vite/deps/chunk-FT3SB2S6.js?v=dc0701a7:2142:7)
    at doWatch (http://localhost:7777/node_modules/.vite/deps/chunk-FT3SB2S6.js?v=dc0701a7:3099:23)
    at watch2 (http://localhost:7777/node_modules/.vite/deps/chunk-FT3SB2S6.js?v=dc0701a7:3032:10)
    at useDeprecated (http://localhost:7777/node_modules/.vite/deps/element-plus.js?v=dc0701a7:10178:3) @ http://localhost:7777/node_modules/.vite/deps/element-plus.js?v=dc0701a7:9085
[ 1392750ms] [WARNING] ElementPlusError: [el-checkbox] [API] label act as value is about to be deprecated in version 3.0.0, please use value instead.
For more detail, please visit: https://element-plus.org/en-US/component/checkbox.html

    at debugWarn (http://localhost:7777/node_modules/.vite/deps/element-plus.js?v=dc0701a7:9085:37)
    at watch.immediate (http://localhost:7777/node_modules/.vite/deps/element-plus.js?v=dc0701a7:10179:14)
    at callWithErrorHandling (http://localhost:7777/node_modules/.vite/deps/chunk-FT3SB2S6.js?v=dc0701a7:2377:19)
    at callWithAsyncErrorHandling (http://localhost:7777/node_modules/.vite/deps/chunk-FT3SB2S6.js?v=dc0701a7:2384:17)
    at baseWatchOptions.call (http://localhost:7777/node_modules/.vite/deps/chunk-FT3SB2S6.js?v=dc0701a7:3071:47)
    at job (http://localhost:7777/node_modules/.vite/deps/chunk-FT3SB2S6.js?v=dc0701a7:2107:18)
    at watch (http://localhost:7777/node_modules/.vite/deps/chunk-FT3SB2S6.js?v=dc0701a7:2142:7)
    at doWatch (http://localhost:7777/node_modules/.vite/deps/chunk-FT3SB2S6.js?v=dc0701a7:3099:23)
    at watch2 (http://localhost:7777/node_modules/.vite/deps/chunk-FT3SB2S6.js?v=dc0701a7:3032:10)
    at useDeprecated (http://localhost:7777/node_modules/.vite/deps/element-plus.js?v=dc0701a7:10178:3) @ http://localhost:7777/node_modules/.vite/deps/element-plus.js?v=dc0701a7:9085
[ 1392750ms] [WARNING] ElementPlusError: [el-checkbox] [API] label act as value is about to be deprecated in version 3.0.0, please use value instead.
For more detail, please visit: https://element-plus.org/en-US/component/checkbox.html

    at debugWarn (http://localhost:7777/node_modules/.vite/deps/element-plus.js?v=dc0701a7:9085:37)
    at watch.immediate (http://localhost:7777/node_modules/.vite/deps/element-plus.js?v=dc0701a7:10179:14)
    at callWithErrorHandling (http://localhost:7777/node_modules/.vite/deps/chunk-FT3SB2S6.js?v=dc0701a7:2377:19)
    at callWithAsyncErrorHandling (http://localhost:7777/node_modules/.vite/deps/chunk-FT3SB2S6.js?v=dc0701a7:2384:17)
    at baseWatchOptions.call (http://localhost:7777/node_modules/.vite/deps/chunk-FT3SB2S6.js?v=dc0701a7:3071:47)
    at job (http://localhost:7777/node_modules/.vite/deps/chunk-FT3SB2S6.js?v=dc0701a7:2107:18)
    at watch (http://localhost:7777/node_modules/.vite/deps/chunk-FT3SB2S6.js?v=dc0701a7:2142:7)
    at doWatch (http://localhost:7777/node_modules/.vite/deps/chunk-FT3SB2S6.js?v=dc0701a7:3099:23)
    at watch2 (http://localhost:7777/node_modules/.vite/deps/chunk-FT3SB2S6.js?v=dc0701a7:3032:10)
    at useDeprecated (http://localhost:7777/node_modules/.vite/deps/element-plus.js?v=dc0701a7:10178:3) @ http://localhost:7777/node_modules/.vite/deps/element-plus.js?v=dc0701a7:9085
[ 1392750ms] [WARNING] ElementPlusError: [el-checkbox] [API] label act as value is about to be deprecated in version 3.0.0, please use value instead.
For more detail, please visit: https://element-plus.org/en-US/component/checkbox.html

    at debugWarn (http://localhost:7777/node_modules/.vite/deps/element-plus.js?v=dc0701a7:9085:37)
    at watch.immediate (http://localhost:7777/node_modules/.vite/deps/element-plus.js?v=dc0701a7:10179:14)
    at callWithErrorHandling (http://localhost:7777/node_modules/.vite/deps/chunk-FT3SB2S6.js?v=dc0701a7:2377:19)
    at callWithAsyncErrorHandling (http://localhost:7777/node_modules/.vite/deps/chunk-FT3SB2S6.js?v=dc0701a7:2384:17)
    at baseWatchOptions.call (http://localhost:7777/node_modules/.vite/deps/chunk-FT3SB2S6.js?v=dc0701a7:3071:47)
    at job (http://localhost:7777/node_modules/.vite/deps/chunk-FT3SB2S6.js?v=dc0701a7:2107:18)
    at watch (http://localhost:7777/node_modules/.vite/deps/chunk-FT3SB2S6.js?v=dc0701a7:2142:7)
    at doWatch (http://localhost:7777/node_modules/.vite/deps/chunk-FT3SB2S6.js?v=dc0701a7:3099:23)
    at watch2 (http://localhost:7777/node_modules/.vite/deps/chunk-FT3SB2S6.js?v=dc0701a7:3032:10)
    at useDeprecated (http://localhost:7777/node_modules/.vite/deps/element-plus.js?v=dc0701a7:10178:3) @ http://localhost:7777/node_modules/.vite/deps/element-plus.js?v=dc0701a7:9085
[ 1392751ms] [WARNING] ElementPlusError: [el-checkbox] [API] label act as value is about to be deprecated in version 3.0.0, please use value instead.
For more detail, please visit: https://element-plus.org/en-US/component/checkbox.html

    at debugWarn (http://localhost:7777/node_modules/.vite/deps/element-plus.js?v=dc0701a7:9085:37)
    at watch.immediate (http://localhost:7777/node_modules/.vite/deps/element-plus.js?v=dc0701a7:10179:14)
    at callWithErrorHandling (http://localhost:7777/node_modules/.vite/deps/chunk-FT3SB2S6.js?v=dc0701a7:2377:19)
    at callWithAsyncErrorHandling (http://localhost:7777/node_modules/.vite/deps/chunk-FT3SB2S6.js?v=dc0701a7:2384:17)
    at baseWatchOptions.call (http://localhost:7777/node_modules/.vite/deps/chunk-FT3SB2S6.js?v=dc0701a7:3071:47)
    at job (http://localhost:7777/node_modules/.vite/deps/chunk-FT3SB2S6.js?v=dc0701a7:2107:18)
    at watch (http://localhost:7777/node_modules/.vite/deps/chunk-FT3SB2S6.js?v=dc0701a7:2142:7)
    at doWatch (http://localhost:7777/node_modules/.vite/deps/chunk-FT3SB2S6.js?v=dc0701a7:3099:23)
    at watch2 (http://localhost:7777/node_modules/.vite/deps/chunk-FT3SB2S6.js?v=dc0701a7:3032:10)
    at useDeprecated (http://localhost:7777/node_modules/.vite/deps/element-plus.js?v=dc0701a7:10178:3) @ http://localhost:7777/node_modules/.vite/deps/element-plus.js?v=dc0701a7:9085
[ 1392751ms] [WARNING] ElementPlusError: [el-checkbox] [API] label act as value is about to be deprecated in version 3.0.0, please use value instead.
For more detail, please visit: https://element-plus.org/en-US/component/checkbox.html

    at debugWarn (http://localhost:7777/node_modules/.vite/deps/element-plus.js?v=dc0701a7:9085:37)
    at watch.immediate (http://localhost:7777/node_modules/.vite/deps/element-plus.js?v=dc0701a7:10179:14)
    at callWithErrorHandling (http://localhost:7777/node_modules/.vite/deps/chunk-FT3SB2S6.js?v=dc0701a7:2377:19)
    at callWithAsyncErrorHandling (http://localhost:7777/node_modules/.vite/deps/chunk-FT3SB2S6.js?v=dc0701a7:2384:17)
    at baseWatchOptions.call (http://localhost:7777/node_modules/.vite/deps/chunk-FT3SB2S6.js?v=dc0701a7:3071:47)
    at job (http://localhost:7777/node_modules/.vite/deps/chunk-FT3SB2S6.js?v=dc0701a7:2107:18)
    at watch (http://localhost:7777/node_modules/.vite/deps/chunk-FT3SB2S6.js?v=dc0701a7:2142:7)
    at doWatch (http://localhost:7777/node_modules/.vite/deps/chunk-FT3SB2S6.js?v=dc0701a7:3099:23)
    at watch2 (http://localhost:7777/node_modules/.vite/deps/chunk-FT3SB2S6.js?v=dc0701a7:3032:10)
    at useDeprecated (http://localhost:7777/node_modules/.vite/deps/element-plus.js?v=dc0701a7:10178:3) @ http://localhost:7777/node_modules/.vite/deps/element-plus.js?v=dc0701a7:9085
[ 1392751ms] [WARNING] ElementPlusError: [el-checkbox] [API] label act as value is about to be deprecated in version 3.0.0, please use value instead.
For more detail, please visit: https://element-plus.org/en-US/component/checkbox.html

    at debugWarn (http://localhost:7777/node_modules/.vite/deps/element-plus.js?v=dc0701a7:9085:37)
    at watch.immediate (http://localhost:7777/node_modules/.vite/deps/element-plus.js?v=dc0701a7:10179:14)
    at callWithErrorHandling (http://localhost:7777/node_modules/.vite/deps/chunk-FT3SB2S6.js?v=dc0701a7:2377:19)
    at callWithAsyncErrorHandling (http://localhost:7777/node_modules/.vite/deps/chunk-FT3SB2S6.js?v=dc0701a7:2384:17)
    at baseWatchOptions.call (http://localhost:7777/node_modules/.vite/deps/chunk-FT3SB2S6.js?v=dc0701a7:3071:47)
    at job (http://localhost:7777/node_modules/.vite/deps/chunk-FT3SB2S6.js?v=dc0701a7:2107:18)
    at watch (http://localhost:7777/node_modules/.vite/deps/chunk-FT3SB2S6.js?v=dc0701a7:2142:7)
    at doWatch (http://localhost:7777/node_modules/.vite/deps/chunk-FT3SB2S6.js?v=dc0701a7:3099:23)
    at watch2 (http://localhost:7777/node_modules/.vite/deps/chunk-FT3SB2S6.js?v=dc0701a7:3032:10)
    at useDeprecated (http://localhost:7777/node_modules/.vite/deps/element-plus.js?v=dc0701a7:10178:3) @ http://localhost:7777/node_modules/.vite/deps/element-plus.js?v=dc0701a7:9085
[ 1563795ms] [WARNING] ElementPlusError: [el-checkbox] [API] label act as value is about to be deprecated in version 3.0.0, please use value instead.
For more detail, please visit: https://element-plus.org/en-US/component/checkbox.html

    at debugWarn (http://localhost:7777/node_modules/.vite/deps/element-plus.js?v=dc0701a7:9085:37)
    at watch.immediate (http://localhost:7777/node_modules/.vite/deps/element-plus.js?v=dc0701a7:10179:14)
    at callWithErrorHandling (http://localhost:7777/node_modules/.vite/deps/chunk-FT3SB2S6.js?v=dc0701a7:2377:19)
    at callWithAsyncErrorHandling (http://localhost:7777/node_modules/.vite/deps/chunk-FT3SB2S6.js?v=dc0701a7:2384:17)
    at baseWatchOptions.call (http://localhost:7777/node_modules/.vite/deps/chunk-FT3SB2S6.js?v=dc0701a7:3071:47)
    at job (http://localhost:7777/node_modules/.vite/deps/chunk-FT3SB2S6.js?v=dc0701a7:2107:18)
    at watch (http://localhost:7777/node_modules/.vite/deps/chunk-FT3SB2S6.js?v=dc0701a7:2142:7)
    at doWatch (http://localhost:7777/node_modules/.vite/deps/chunk-FT3SB2S6.js?v=dc0701a7:3099:23)
    at watch2 (http://localhost:7777/node_modules/.vite/deps/chunk-FT3SB2S6.js?v=dc0701a7:3032:10)
    at useDeprecated (http://localhost:7777/node_modules/.vite/deps/element-plus.js?v=dc0701a7:10178:3) @ http://localhost:7777/node_modules/.vite/deps/element-plus.js?v=dc0701a7:9085
[ 1563796ms] [WARNING] ElementPlusError: [el-checkbox] [API] label act as value is about to be deprecated in version 3.0.0, please use value instead.
For more detail, please visit: https://element-plus.org/en-US/component/checkbox.html

    at debugWarn (http://localhost:7777/node_modules/.vite/deps/element-plus.js?v=dc0701a7:9085:37)
    at watch.immediate (http://localhost:7777/node_modules/.vite/deps/element-plus.js?v=dc0701a7:10179:14)
    at callWithErrorHandling (http://localhost:7777/node_modules/.vite/deps/chunk-FT3SB2S6.js?v=dc0701a7:2377:19)
    at callWithAsyncErrorHandling (http://localhost:7777/node_modules/.vite/deps/chunk-FT3SB2S6.js?v=dc0701a7:2384:17)
    at baseWatchOptions.call (http://localhost:7777/node_modules/.vite/deps/chunk-FT3SB2S6.js?v=dc0701a7:3071:47)
    at job (http://localhost:7777/node_modules/.vite/deps/chunk-FT3SB2S6.js?v=dc0701a7:2107:18)
    at watch (http://localhost:7777/node_modules/.vite/deps/chunk-FT3SB2S6.js?v=dc0701a7:2142:7)
    at doWatch (http://localhost:7777/node_modules/.vite/deps/chunk-FT3SB2S6.js?v=dc0701a7:3099:23)
    at watch2 (http://localhost:7777/node_modules/.vite/deps/chunk-FT3SB2S6.js?v=dc0701a7:3032:10)
    at useDeprecated (http://localhost:7777/node_modules/.vite/deps/element-plus.js?v=dc0701a7:10178:3) @ http://localhost:7777/node_modules/.vite/deps/element-plus.js?v=dc0701a7:9085
[ 1563796ms] [WARNING] ElementPlusError: [el-checkbox] [API] label act as value is about to be deprecated in version 3.0.0, please use value instead.
For more detail, please visit: https://element-plus.org/en-US/component/checkbox.html

    at debugWarn (http://localhost:7777/node_modules/.vite/deps/element-plus.js?v=dc0701a7:9085:37)
    at watch.immediate (http://localhost:7777/node_modules/.vite/deps/element-plus.js?v=dc0701a7:10179:14)
    at callWithErrorHandling (http://localhost:7777/node_modules/.vite/deps/chunk-FT3SB2S6.js?v=dc0701a7:2377:19)
    at callWithAsyncErrorHandling (http://localhost:7777/node_modules/.vite/deps/chunk-FT3SB2S6.js?v=dc0701a7:2384:17)
    at baseWatchOptions.call (http://localhost:7777/node_modules/.vite/deps/chunk-FT3SB2S6.js?v=dc0701a7:3071:47)
    at job (http://localhost:7777/node_modules/.vite/deps/chunk-FT3SB2S6.js?v=dc0701a7:2107:18)
    at watch (http://localhost:7777/node_modules/.vite/deps/chunk-FT3SB2S6.js?v=dc0701a7:2142:7)
    at doWatch (http://localhost:7777/node_modules/.vite/deps/chunk-FT3SB2S6.js?v=dc0701a7:3099:23)
    at watch2 (http://localhost:7777/node_modules/.vite/deps/chunk-FT3SB2S6.js?v=dc0701a7:3032:10)
    at useDeprecated (http://localhost:7777/node_modules/.vite/deps/element-plus.js?v=dc0701a7:10178:3) @ http://localhost:7777/node_modules/.vite/deps/element-plus.js?v=dc0701a7:9085
[ 1563796ms] [WARNING] ElementPlusError: [el-checkbox] [API] label act as value is about to be deprecated in version 3.0.0, please use value instead.
For more detail, please visit: https://element-plus.org/en-US/component/checkbox.html

    at debugWarn (http://localhost:7777/node_modules/.vite/deps/element-plus.js?v=dc0701a7:9085:37)
    at watch.immediate (http://localhost:7777/node_modules/.vite/deps/element-plus.js?v=dc0701a7:10179:14)
    at callWithErrorHandling (http://localhost:7777/node_modules/.vite/deps/chunk-FT3SB2S6.js?v=dc0701a7:2377:19)
    at callWithAsyncErrorHandling (http://localhost:7777/node_modules/.vite/deps/chunk-FT3SB2S6.js?v=dc0701a7:2384:17)
    at baseWatchOptions.call (http://localhost:7777/node_modules/.vite/deps/chunk-FT3SB2S6.js?v=dc0701a7:3071:47)
    at job (http://localhost:7777/node_modules/.vite/deps/chunk-FT3SB2S6.js?v=dc0701a7:2107:18)
    at watch (http://localhost:7777/node_modules/.vite/deps/chunk-FT3SB2S6.js?v=dc0701a7:2142:7)
    at doWatch (http://localhost:7777/node_modules/.vite/deps/chunk-FT3SB2S6.js?v=dc0701a7:3099:23)
    at watch2 (http://localhost:7777/node_modules/.vite/deps/chunk-FT3SB2S6.js?v=dc0701a7:3032:10)
    at useDeprecated (http://localhost:7777/node_modules/.vite/deps/element-plus.js?v=dc0701a7:10178:3) @ http://localhost:7777/node_modules/.vite/deps/element-plus.js?v=dc0701a7:9085
[ 1563796ms] [WARNING] ElementPlusError: [el-checkbox] [API] label act as value is about to be deprecated in version 3.0.0, please use value instead.
For more detail, please visit: https://element-plus.org/en-US/component/checkbox.html

    at debugWarn (http://localhost:7777/node_modules/.vite/deps/element-plus.js?v=dc0701a7:9085:37)
    at watch.immediate (http://localhost:7777/node_modules/.vite/deps/element-plus.js?v=dc0701a7:10179:14)
    at callWithErrorHandling (http://localhost:7777/node_modules/.vite/deps/chunk-FT3SB2S6.js?v=dc0701a7:2377:19)
    at callWithAsyncErrorHandling (http://localhost:7777/node_modules/.vite/deps/chunk-FT3SB2S6.js?v=dc0701a7:2384:17)
    at baseWatchOptions.call (http://localhost:7777/node_modules/.vite/deps/chunk-FT3SB2S6.js?v=dc0701a7:3071:47)
    at job (http://localhost:7777/node_modules/.vite/deps/chunk-FT3SB2S6.js?v=dc0701a7:2107:18)
    at watch (http://localhost:7777/node_modules/.vite/deps/chunk-FT3SB2S6.js?v=dc0701a7:2142:7)
    at doWatch (http://localhost:7777/node_modules/.vite/deps/chunk-FT3SB2S6.js?v=dc0701a7:3099:23)
    at watch2 (http://localhost:7777/node_modules/.vite/deps/chunk-FT3SB2S6.js?v=dc0701a7:3032:10)
    at useDeprecated (http://localhost:7777/node_modules/.vite/deps/element-plus.js?v=dc0701a7:10178:3) @ http://localhost:7777/node_modules/.vite/deps/element-plus.js?v=dc0701a7:9085
[ 1563797ms] [WARNING] ElementPlusError: [el-checkbox] [API] label act as value is about to be deprecated in version 3.0.0, please use value instead.
For more detail, please visit: https://element-plus.org/en-US/component/checkbox.html

    at debugWarn (http://localhost:7777/node_modules/.vite/deps/element-plus.js?v=dc0701a7:9085:37)
    at watch.immediate (http://localhost:7777/node_modules/.vite/deps/element-plus.js?v=dc0701a7:10179:14)
    at callWithErrorHandling (http://localhost:7777/node_modules/.vite/deps/chunk-FT3SB2S6.js?v=dc0701a7:2377:19)
    at callWithAsyncErrorHandling (http://localhost:7777/node_modules/.vite/deps/chunk-FT3SB2S6.js?v=dc0701a7:2384:17)
    at baseWatchOptions.call (http://localhost:7777/node_modules/.vite/deps/chunk-FT3SB2S6.js?v=dc0701a7:3071:47)
    at job (http://localhost:7777/node_modules/.vite/deps/chunk-FT3SB2S6.js?v=dc0701a7:2107:18)
    at watch (http://localhost:7777/node_modules/.vite/deps/chunk-FT3SB2S6.js?v=dc0701a7:2142:7)
    at doWatch (http://localhost:7777/node_modules/.vite/deps/chunk-FT3SB2S6.js?v=dc0701a7:3099:23)
    at watch2 (http://localhost:7777/node_modules/.vite/deps/chunk-FT3SB2S6.js?v=dc0701a7:3032:10)
    at useDeprecated (http://localhost:7777/node_modules/.vite/deps/element-plus.js?v=dc0701a7:10178:3) @ http://localhost:7777/node_modules/.vite/deps/element-plus.js?v=dc0701a7:9085
[ 1563797ms] [WARNING] ElementPlusError: [el-checkbox] [API] label act as value is about to be deprecated in version 3.0.0, please use value instead.
For more detail, please visit: https://element-plus.org/en-US/component/checkbox.html

    at debugWarn (http://localhost:7777/node_modules/.vite/deps/element-plus.js?v=dc0701a7:9085:37)
    at watch.immediate (http://localhost:7777/node_modules/.vite/deps/element-plus.js?v=dc0701a7:10179:14)
    at callWithErrorHandling (http://localhost:7777/node_modules/.vite/deps/chunk-FT3SB2S6.js?v=dc0701a7:2377:19)
    at callWithAsyncErrorHandling (http://localhost:7777/node_modules/.vite/deps/chunk-FT3SB2S6.js?v=dc0701a7:2384:17)
    at baseWatchOptions.call (http://localhost:7777/node_modules/.vite/deps/chunk-FT3SB2S6.js?v=dc0701a7:3071:47)
    at job (http://localhost:7777/node_modules/.vite/deps/chunk-FT3SB2S6.js?v=dc0701a7:2107:18)
    at watch (http://localhost:7777/node_modules/.vite/deps/chunk-FT3SB2S6.js?v=dc0701a7:2142:7)
    at doWatch (http://localhost:7777/node_modules/.vite/deps/chunk-FT3SB2S6.js?v=dc0701a7:3099:23)
    at watch2 (http://localhost:7777/node_modules/.vite/deps/chunk-FT3SB2S6.js?v=dc0701a7:3032:10)
    at useDeprecated (http://localhost:7777/node_modules/.vite/deps/element-plus.js?v=dc0701a7:10178:3) @ http://localhost:7777/node_modules/.vite/deps/element-plus.js?v=dc0701a7:9085
[ 1563797ms] [WARNING] ElementPlusError: [el-checkbox] [API] label act as value is about to be deprecated in version 3.0.0, please use value instead.
For more detail, please visit: https://element-plus.org/en-US/component/checkbox.html

    at debugWarn (http://localhost:7777/node_modules/.vite/deps/element-plus.js?v=dc0701a7:9085:37)
    at watch.immediate (http://localhost:7777/node_modules/.vite/deps/element-plus.js?v=dc0701a7:10179:14)
    at callWithErrorHandling (http://localhost:7777/node_modules/.vite/deps/chunk-FT3SB2S6.js?v=dc0701a7:2377:19)
    at callWithAsyncErrorHandling (http://localhost:7777/node_modules/.vite/deps/chunk-FT3SB2S6.js?v=dc0701a7:2384:17)
    at baseWatchOptions.call (http://localhost:7777/node_modules/.vite/deps/chunk-FT3SB2S6.js?v=dc0701a7:3071:47)
    at job (http://localhost:7777/node_modules/.vite/deps/chunk-FT3SB2S6.js?v=dc0701a7:2107:18)
    at watch (http://localhost:7777/node_modules/.vite/deps/chunk-FT3SB2S6.js?v=dc0701a7:2142:7)
    at doWatch (http://localhost:7777/node_modules/.vite/deps/chunk-FT3SB2S6.js?v=dc0701a7:3099:23)
    at watch2 (http://localhost:7777/node_modules/.vite/deps/chunk-FT3SB2S6.js?v=dc0701a7:3032:10)
    at useDeprecated (http://localhost:7777/node_modules/.vite/deps/element-plus.js?v=dc0701a7:10178:3) @ http://localhost:7777/node_modules/.vite/deps/element-plus.js?v=dc0701a7:9085
[ 1563798ms] [WARNING] ElementPlusError: [el-checkbox] [API] label act as value is about to be deprecated in version 3.0.0, please use value instead.
For more detail, please visit: https://element-plus.org/en-US/component/checkbox.html

    at debugWarn (http://localhost:7777/node_modules/.vite/deps/element-plus.js?v=dc0701a7:9085:37)
    at watch.immediate (http://localhost:7777/node_modules/.vite/deps/element-plus.js?v=dc0701a7:10179:14)
    at callWithErrorHandling (http://localhost:7777/node_modules/.vite/deps/chunk-FT3SB2S6.js?v=dc0701a7:2377:19)
    at callWithAsyncErrorHandling (http://localhost:7777/node_modules/.vite/deps/chunk-FT3SB2S6.js?v=dc0701a7:2384:17)
    at baseWatchOptions.call (http://localhost:7777/node_modules/.vite/deps/chunk-FT3SB2S6.js?v=dc0701a7:3071:47)
    at job (http://localhost:7777/node_modules/.vite/deps/chunk-FT3SB2S6.js?v=dc0701a7:2107:18)
    at watch (http://localhost:7777/node_modules/.vite/deps/chunk-FT3SB2S6.js?v=dc0701a7:2142:7)
    at doWatch (http://localhost:7777/node_modules/.vite/deps/chunk-FT3SB2S6.js?v=dc0701a7:3099:23)
    at watch2 (http://localhost:7777/node_modules/.vite/deps/chunk-FT3SB2S6.js?v=dc0701a7:3032:10)
    at useDeprecated (http://localhost:7777/node_modules/.vite/deps/element-plus.js?v=dc0701a7:10178:3) @ http://localhost:7777/node_modules/.vite/deps/element-plus.js?v=dc0701a7:9085
[ 1563798ms] [WARNING] ElementPlusError: [el-checkbox] [API] label act as value is about to be deprecated in version 3.0.0, please use value instead.
For more detail, please visit: https://element-plus.org/en-US/component/checkbox.html

    at debugWarn (http://localhost:7777/node_modules/.vite/deps/element-plus.js?v=dc0701a7:9085:37)
    at watch.immediate (http://localhost:7777/node_modules/.vite/deps/element-plus.js?v=dc0701a7:10179:14)
    at callWithErrorHandling (http://localhost:7777/node_modules/.vite/deps/chunk-FT3SB2S6.js?v=dc0701a7:2377:19)
    at callWithAsyncErrorHandling (http://localhost:7777/node_modules/.vite/deps/chunk-FT3SB2S6.js?v=dc0701a7:2384:17)
    at baseWatchOptions.call (http://localhost:7777/node_modules/.vite/deps/chunk-FT3SB2S6.js?v=dc0701a7:3071:47)
    at job (http://localhost:7777/node_modules/.vite/deps/chunk-FT3SB2S6.js?v=dc0701a7:2107:18)
    at watch (http://localhost:7777/node_modules/.vite/deps/chunk-FT3SB2S6.js?v=dc0701a7:2142:7)
    at doWatch (http://localhost:7777/node_modules/.vite/deps/chunk-FT3SB2S6.js?v=dc0701a7:3099:23)
    at watch2 (http://localhost:7777/node_modules/.vite/deps/chunk-FT3SB2S6.js?v=dc0701a7:3032:10)
    at useDeprecated (http://localhost:7777/node_modules/.vite/deps/element-plus.js?v=dc0701a7:10178:3) @ http://localhost:7777/node_modules/.vite/deps/element-plus.js?v=dc0701a7:9085
[ 1563798ms] [WARNING] ElementPlusError: [el-checkbox] [API] label act as value is about to be deprecated in version 3.0.0, please use value instead.
For more detail, please visit: https://element-plus.org/en-US/component/checkbox.html

    at debugWarn (http://localhost:7777/node_modules/.vite/deps/element-plus.js?v=dc0701a7:9085:37)
    at watch.immediate (http://localhost:7777/node_modules/.vite/deps/element-plus.js?v=dc0701a7:10179:14)
    at callWithErrorHandling (http://localhost:7777/node_modules/.vite/deps/chunk-FT3SB2S6.js?v=dc0701a7:2377:19)
    at callWithAsyncErrorHandling (http://localhost:7777/node_modules/.vite/deps/chunk-FT3SB2S6.js?v=dc0701a7:2384:17)
    at baseWatchOptions.call (http://localhost:7777/node_modules/.vite/deps/chunk-FT3SB2S6.js?v=dc0701a7:3071:47)
    at job (http://localhost:7777/node_modules/.vite/deps/chunk-FT3SB2S6.js?v=dc0701a7:2107:18)
    at watch (http://localhost:7777/node_modules/.vite/deps/chunk-FT3SB2S6.js?v=dc0701a7:2142:7)
    at doWatch (http://localhost:7777/node_modules/.vite/deps/chunk-FT3SB2S6.js?v=dc0701a7:3099:23)
    at watch2 (http://localhost:7777/node_modules/.vite/deps/chunk-FT3SB2S6.js?v=dc0701a7:3032:10)
    at useDeprecated (http://localhost:7777/node_modules/.vite/deps/element-plus.js?v=dc0701a7:10178:3) @ http://localhost:7777/node_modules/.vite/deps/element-plus.js?v=dc0701a7:9085
[55330744ms] [LOG] [vite] server connection lost. Polling for restart... @ http://localhost:7777/@vite/client:963
[55330811ms] [ERROR] WebSocket connection to 'ws://localhost:7777/' failed: Error in connection establishment: net::ERR_CONNECTION_REFUSED @ http://localhost:7777/@vite/client:1034
[55331816ms] [ERROR] WebSocket connection to 'ws://localhost:7777/' failed: Error in connection establishment: net::ERR_CONNECTION_REFUSED @ http://localhost:7777/@vite/client:1034
[55332820ms] [ERROR] WebSocket connection to 'ws://localhost:7777/' failed: Error in connection establishment: net::ERR_CONNECTION_REFUSED @ http://localhost:7777/@vite/client:1034
[55333825ms] [ERROR] WebSocket connection to 'ws://localhost:7777/' failed: Error in connection establishment: net::ERR_CONNECTION_REFUSED @ http://localhost:7777/@vite/client:1034
[55334828ms] [ERROR] WebSocket connection to 'ws://localhost:7777/' failed: Error in connection establishment: net::ERR_CONNECTION_REFUSED @ http://localhost:7777/@vite/client:1034
[55335834ms] [ERROR] WebSocket connection to 'ws://localhost:7777/' failed: Error in connection establishment: net::ERR_CONNECTION_REFUSED @ http://localhost:7777/@vite/client:1034
[55337422ms] [ERROR] Failed to load resource: the server responded with a status of 500 (Internal Server Error) @ http://localhost:7777/api/v1/auth/me:0
[55337431ms] [ERROR] Failed to load resource: the server responded with a status of 500 (Internal Server Error) @ http://localhost:7777/api/v1/auth/me:0
[55337434ms] [ERROR] Failed to load resource: the server responded with a status of 500 (Internal Server Error) @ http://localhost:7777/api/v1/auth/me:0
[55337436ms] [ERROR] Failed to load resource: the server responded with a status of 500 (Internal Server Error) @ http://localhost:7777/api/v1/auth/me:0
[55337440ms] [ERROR] Failed to load resource: the server responded with a status of 500 (Internal Server Error) @ http://localhost:7777/api/v1/auth/me:0
[55337444ms] [ERROR] Failed to load resource: the server responded with a status of 500 (Internal Server Error) @ http://localhost:7777/api/v1/auth/me:0
[55337446ms] [ERROR] Failed to load resource: the server responded with a status of 500 (Internal Server Error) @ http://localhost:7777/api/v1/auth/me:0
[55337450ms] [ERROR] Failed to load resource: the server responded with a status of 500 (Internal Server Error) @ http://localhost:7777/api/v1/auth/me:0
[55337451ms] [ERROR] Failed to load resource: the server responded with a status of 500 (Internal Server Error) @ http://localhost:7777/api/v1/auth/me:0
[55337453ms] [ERROR] Failed to load resource: the server responded with a status of 500 (Internal Server Error) @ http://localhost:7777/api/v1/auth/me:0
[55337456ms] [ERROR] Failed to load resource: the server responded with a status of 500 (Internal Server Error) @ http://localhost:7777/api/v1/auth/me:0
[55337458ms] [ERROR] Failed to load resource: the server responded with a status of 500 (Internal Server Error) @ http://localhost:7777/api/v1/auth/me:0
[55337460ms] [ERROR] Failed to load resource: the server responded with a status of 500 (Internal Server Error) @ http://localhost:7777/api/v1/auth/me:0
[55337462ms] [ERROR] Failed to load resource: the server responded with a status of 500 (Internal Server Error) @ http://localhost:7777/api/v1/auth/me:0
[55337464ms] [ERROR] Failed to load resource: the server responded with a status of 500 (Internal Server Error) @ http://localhost:7777/api/v1/auth/me:0
[55337466ms] [ERROR] Failed to load resource: the server responded with a status of 500 (Internal Server Error) @ http://localhost:7777/api/v1/auth/me:0
[55337467ms] [ERROR] Failed to load resource: the server responded with a status of 500 (Internal Server Error) @ http://localhost:7777/api/v1/auth/me:0
[55337469ms] [ERROR] Failed to load resource: the server responded with a status of 500 (Internal Server Error) @ http://localhost:7777/api/v1/auth/me:0
[55337470ms] [ERROR] Failed to load resource: the server responded with a status of 500 (Internal Server Error) @ http://localhost:7777/api/v1/auth/me:0
[55337472ms] [ERROR] Failed to load resource: the server responded with a status of 500 (Internal Server Error) @ http://localhost:7777/api/v1/auth/me:0
[55337474ms] [ERROR] Failed to load resource: the server responded with a status of 500 (Internal Server Error) @ http://localhost:7777/api/v1/auth/me:0
[55337476ms] [ERROR] Failed to load resource: the server responded with a status of 500 (Internal Server Error) @ http://localhost:7777/api/v1/auth/me:0
[55337478ms] [ERROR] Failed to load resource: the server responded with a status of 500 (Internal Server Error) @ http://localhost:7777/api/v1/auth/me:0
[55337479ms] [ERROR] Failed to load resource: the server responded with a status of 500 (Internal Server Error) @ http://localhost:7777/api/v1/auth/me:0
[55337483ms] [ERROR] Failed to load resource: the server responded with a status of 500 (Internal Server Error) @ http://localhost:7777/api/v1/auth/me:0
[55337486ms] [ERROR] Failed to load resource: the server responded with a status of 500 (Internal Server Error) @ http://localhost:7777/api/v1/auth/me:0
[55337487ms] [ERROR] Failed to load resource: the server responded with a status of 500 (Internal Server Error) @ http://localhost:7777/api/v1/auth/me:0
[55337495ms] [ERROR] Failed to load resource: the server responded with a status of 500 (Internal Server Error) @ http://localhost:7777/api/v1/auth/me:0
[55337506ms] [ERROR] Failed to load resource: the server responded with a status of 500 (Internal Server Error) @ http://localhost:7777/api/v1/auth/me:0
[55337508ms] [ERROR] Failed to load resource: the server responded with a status of 500 (Internal Server Error) @ http://localhost:7777/api/v1/auth/me:0
[55337511ms] [ERROR] Failed to load resource: the server responded with a status of 500 (Internal Server Error) @ http://localhost:7777/api/v1/auth/me:0
[55337513ms] [ERROR] Failed to load resource: the server responded with a status of 500 (Internal Server Error) @ http://localhost:7777/api/v1/auth/me:0
[55337513ms] [WARNING] [Vue Router warn]: Detected a possibly infinite redirection in a navigation guard when going from "/" to "/login". Aborting to avoid a Stack Overflow.
 Are you always returning a new location within a navigation guard? That would lead to this error. Only return when redirecting or aborting, that should fix this. This might break in production if not fixed. @ http://localhost:7777/node_modules/.vite/deps/vue-router.js?v=dc0701a7:51
[55337513ms] [WARNING] [Vue Router warn]: Unexpected error when starting the router: Error: Infinite redirect in navigation guard
    at http://localhost:7777/node_modules/.vite/deps/vue-router.js?v=dc0701a7:1989:35 @ http://localhost:7777/node_modules/.vite/deps/vue-router.js?v=dc0701a7:51
[58720798ms] [LOG] [vite] server connection lost. Polling for restart... @ http://localhost:7777/@vite/client:963
[58720901ms] [ERROR] WebSocket connection to 'ws://localhost:7777/' failed: Error in connection establishment: net::ERR_CONNECTION_REFUSED @ http://localhost:7777/@vite/client:1034
[58721907ms] [ERROR] WebSocket connection to 'ws://localhost:7777/' failed: Error in connection establishment: net::ERR_CONNECTION_REFUSED @ http://localhost:7777/@vite/client:1034
[58723318ms] [ERROR] Failed to load resource: the server responded with a status of 500 (Internal Server Error) @ http://localhost:7777/api/v1/auth/me:0
[58723322ms] [ERROR] Failed to load resource: the server responded with a status of 500 (Internal Server Error) @ http://localhost:7777/api/v1/auth/me:0
[58723324ms] [ERROR] Failed to load resource: the server responded with a status of 500 (Internal Server Error) @ http://localhost:7777/api/v1/auth/me:0
[58723329ms] [ERROR] Failed to load resource: the server responded with a status of 500 (Internal Server Error) @ http://localhost:7777/api/v1/auth/me:0
[58723330ms] [ERROR] Failed to load resource: the server responded with a status of 500 (Internal Server Error) @ http://localhost:7777/api/v1/auth/me:0
[58723332ms] [ERROR] Failed to load resource: the server responded with a status of 500 (Internal Server Error) @ http://localhost:7777/api/v1/auth/me:0
[58723333ms] [ERROR] Failed to load resource: the server responded with a status of 500 (Internal Server Error) @ http://localhost:7777/api/v1/auth/me:0
[58723334ms] [ERROR] Failed to load resource: the server responded with a status of 500 (Internal Server Error) @ http://localhost:7777/api/v1/auth/me:0
[58723336ms] [ERROR] Failed to load resource: the server responded with a status of 500 (Internal Server Error) @ http://localhost:7777/api/v1/auth/me:0
[58723337ms] [ERROR] Failed to load resource: the server responded with a status of 500 (Internal Server Error) @ http://localhost:7777/api/v1/auth/me:0
[58723338ms] [ERROR] Failed to load resource: the server responded with a status of 500 (Internal Server Error) @ http://localhost:7777/api/v1/auth/me:0
[58723339ms] [ERROR] Failed to load resource: the server responded with a status of 500 (Internal Server Error) @ http://localhost:7777/api/v1/auth/me:0
[58723340ms] [ERROR] Failed to load resource: the server responded with a status of 500 (Internal Server Error) @ http://localhost:7777/api/v1/auth/me:0
[58723341ms] [ERROR] Failed to load resource: the server responded with a status of 500 (Internal Server Error) @ http://localhost:7777/api/v1/auth/me:0
[58723343ms] [ERROR] Failed to load resource: the server responded with a status of 500 (Internal Server Error) @ http://localhost:7777/api/v1/auth/me:0
[58723344ms] [ERROR] Failed to load resource: the server responded with a status of 500 (Internal Server Error) @ http://localhost:7777/api/v1/auth/me:0
[58723345ms] [ERROR] Failed to load resource: the server responded with a status of 500 (Internal Server Error) @ http://localhost:7777/api/v1/auth/me:0
[58723346ms] [ERROR] Failed to load resource: the server responded with a status of 500 (Internal Server Error) @ http://localhost:7777/api/v1/auth/me:0
[58723347ms] [ERROR] Failed to load resource: the server responded with a status of 500 (Internal Server Error) @ http://localhost:7777/api/v1/auth/me:0
[58723350ms] [ERROR] Failed to load resource: the server responded with a status of 500 (Internal Server Error) @ http://localhost:7777/api/v1/auth/me:0
[58723353ms] [ERROR] Failed to load resource: the server responded with a status of 500 (Internal Server Error) @ http://localhost:7777/api/v1/auth/me:0
[58723355ms] [ERROR] Failed to load resource: the server responded with a status of 500 (Internal Server Error) @ http://localhost:7777/api/v1/auth/me:0
[58723358ms] [ERROR] Failed to load resource: the server responded with a status of 500 (Internal Server Error) @ http://localhost:7777/api/v1/auth/me:0
[58723360ms] [ERROR] Failed to load resource: the server responded with a status of 500 (Internal Server Error) @ http://localhost:7777/api/v1/auth/me:0
[58723366ms] [ERROR] Failed to load resource: the server responded with a status of 500 (Internal Server Error) @ http://localhost:7777/api/v1/auth/me:0
[58723369ms] [ERROR] Failed to load resource: the server responded with a status of 500 (Internal Server Error) @ http://localhost:7777/api/v1/auth/me:0
[58723370ms] [ERROR] Failed to load resource: the server responded with a status of 500 (Internal Server Error) @ http://localhost:7777/api/v1/auth/me:0
[58723372ms] [ERROR] Failed to load resource: the server responded with a status of 500 (Internal Server Error) @ http://localhost:7777/api/v1/auth/me:0
[58723374ms] [ERROR] Failed to load resource: the server responded with a status of 500 (Internal Server Error) @ http://localhost:7777/api/v1/auth/me:0
[58723378ms] [ERROR] Failed to load resource: the server responded with a status of 500 (Internal Server Error) @ http://localhost:7777/api/v1/auth/me:0
[58723379ms] [ERROR] Failed to load resource: the server responded with a status of 500 (Internal Server Error) @ http://localhost:7777/api/v1/auth/me:0
[58723381ms] [ERROR] Failed to load resource: the server responded with a status of 500 (Internal Server Error) @ http://localhost:7777/api/v1/auth/me:0
[58723381ms] [WARNING] [Vue Router warn]: Detected a possibly infinite redirection in a navigation guard when going from "/" to "/login". Aborting to avoid a Stack Overflow.
 Are you always returning a new location within a navigation guard? That would lead to this error. Only return when redirecting or aborting, that should fix this. This might break in production if not fixed. @ http://localhost:7777/node_modules/.vite/deps/vue-router.js?v=dc0701a7:51
[58723381ms] [WARNING] [Vue Router warn]: Unexpected error when starting the router: Error: Infinite redirect in navigation guard
    at http://localhost:7777/node_modules/.vite/deps/vue-router.js?v=dc0701a7:1989:35 @ http://localhost:7777/node_modules/.vite/deps/vue-router.js?v=dc0701a7:51
[58834760ms] [LOG] [vite] server connection lost. Polling for restart... @ http://localhost:7777/@vite/client:963
[58834764ms] [ERROR] WebSocket connection to 'ws://localhost:7777/' failed: Error in connection establishment: net::ERR_CONNECTION_REFUSED @ http://localhost:7777/@vite/client:1034
[58835768ms] [ERROR] WebSocket connection to 'ws://localhost:7777/' failed: Error in connection establishment: net::ERR_CONNECTION_REFUSED @ http://localhost:7777/@vite/client:1034
[58837114ms] [ERROR] Failed to load resource: the server responded with a status of 500 (Internal Server Error) @ http://localhost:7777/api/v1/auth/me:0
[58837116ms] [ERROR] Failed to load resource: the server responded with a status of 500 (Internal Server Error) @ http://localhost:7777/api/v1/auth/me:0
[58837118ms] [ERROR] Failed to load resource: the server responded with a status of 500 (Internal Server Error) @ http://localhost:7777/api/v1/auth/me:0
[58837119ms] [ERROR] Failed to load resource: the server responded with a status of 500 (Internal Server Error) @ http://localhost:7777/api/v1/auth/me:0
[58837120ms] [ERROR] Failed to load resource: the server responded with a status of 500 (Internal Server Error) @ http://localhost:7777/api/v1/auth/me:0
[58837121ms] [ERROR] Failed to load resource: the server responded with a status of 500 (Internal Server Error) @ http://localhost:7777/api/v1/auth/me:0
[58837122ms] [ERROR] Failed to load resource: the server responded with a status of 500 (Internal Server Error) @ http://localhost:7777/api/v1/auth/me:0
[58837124ms] [ERROR] Failed to load resource: the server responded with a status of 500 (Internal Server Error) @ http://localhost:7777/api/v1/auth/me:0
[58837126ms] [ERROR] Failed to load resource: the server responded with a status of 500 (Internal Server Error) @ http://localhost:7777/api/v1/auth/me:0
[58837127ms] [ERROR] Failed to load resource: the server responded with a status of 500 (Internal Server Error) @ http://localhost:7777/api/v1/auth/me:0
[58837128ms] [ERROR] Failed to load resource: the server responded with a status of 500 (Internal Server Error) @ http://localhost:7777/api/v1/auth/me:0
[58837129ms] [ERROR] Failed to load resource: the server responded with a status of 500 (Internal Server Error) @ http://localhost:7777/api/v1/auth/me:0
[58837130ms] [ERROR] Failed to load resource: the server responded with a status of 500 (Internal Server Error) @ http://localhost:7777/api/v1/auth/me:0
[58837131ms] [ERROR] Failed to load resource: the server responded with a status of 500 (Internal Server Error) @ http://localhost:7777/api/v1/auth/me:0
[58837132ms] [ERROR] Failed to load resource: the server responded with a status of 500 (Internal Server Error) @ http://localhost:7777/api/v1/auth/me:0
[58837133ms] [ERROR] Failed to load resource: the server responded with a status of 500 (Internal Server Error) @ http://localhost:7777/api/v1/auth/me:0
[58837134ms] [ERROR] Failed to load resource: the server responded with a status of 500 (Internal Server Error) @ http://localhost:7777/api/v1/auth/me:0
[58837135ms] [ERROR] Failed to load resource: the server responded with a status of 500 (Internal Server Error) @ http://localhost:7777/api/v1/auth/me:0
[58837137ms] [ERROR] Failed to load resource: the server responded with a status of 500 (Internal Server Error) @ http://localhost:7777/api/v1/auth/me:0
[58837138ms] [ERROR] Failed to load resource: the server responded with a status of 500 (Internal Server Error) @ http://localhost:7777/api/v1/auth/me:0
[58837139ms] [ERROR] Failed to load resource: the server responded with a status of 500 (Internal Server Error) @ http://localhost:7777/api/v1/auth/me:0
[58837140ms] [ERROR] Failed to load resource: the server responded with a status of 500 (Internal Server Error) @ http://localhost:7777/api/v1/auth/me:0
[58837141ms] [ERROR] Failed to load resource: the server responded with a status of 500 (Internal Server Error) @ http://localhost:7777/api/v1/auth/me:0
[58837142ms] [ERROR] Failed to load resource: the server responded with a status of 500 (Internal Server Error) @ http://localhost:7777/api/v1/auth/me:0
[58837143ms] [ERROR] Failed to load resource: the server responded with a status of 500 (Internal Server Error) @ http://localhost:7777/api/v1/auth/me:0
[58837144ms] [ERROR] Failed to load resource: the server responded with a status of 500 (Internal Server Error) @ http://localhost:7777/api/v1/auth/me:0
[58837145ms] [ERROR] Failed to load resource: the server responded with a status of 500 (Internal Server Error) @ http://localhost:7777/api/v1/auth/me:0
[58837146ms] [ERROR] Failed to load resource: the server responded with a status of 500 (Internal Server Error) @ http://localhost:7777/api/v1/auth/me:0
[58837147ms] [ERROR] Failed to load resource: the server responded with a status of 500 (Internal Server Error) @ http://localhost:7777/api/v1/auth/me:0
[58837148ms] [ERROR] Failed to load resource: the server responded with a status of 500 (Internal Server Error) @ http://localhost:7777/api/v1/auth/me:0
[58837150ms] [ERROR] Failed to load resource: the server responded with a status of 500 (Internal Server Error) @ http://localhost:7777/api/v1/auth/me:0
[58837151ms] [ERROR] Failed to load resource: the server responded with a status of 500 (Internal Server Error) @ http://localhost:7777/api/v1/auth/me:0
[58837151ms] [WARNING] [Vue Router warn]: Detected a possibly infinite redirection in a navigation guard when going from "/" to "/login". Aborting to avoid a Stack Overflow.
 Are you always returning a new location within a navigation guard? That would lead to this error. Only return when redirecting or aborting, that should fix this. This might break in production if not fixed. @ http://localhost:7777/node_modules/.vite/deps/vue-router.js?v=dc0701a7:51
[58837151ms] [WARNING] [Vue Router warn]: Unexpected error when starting the router: Error: Infinite redirect in navigation guard
    at http://localhost:7777/node_modules/.vite/deps/vue-router.js?v=dc0701a7:1989:35 @ http://localhost:7777/node_modules/.vite/deps/vue-router.js?v=dc0701a7:51
